ticker,trigger_date,annihilation_intensity,zero_slope,vol_ratio,forward_return_60d,excess_vs_klci_60d,sample
7233.KL,2018-01-05,16.727272727272723,False,1.313535122786979,-0.2000000552954264,-0.1988834090748676,out_of_sample
7233.KL,2018-07-31,2.4242424242424243,False,2.8604829282057485,0.8855310898083215,0.9406299036481702,out_of_sample
7233.KL,2018-08-29,1.501481690724924e-15,True,0.9645765453001911,0.7862471313028541,0.85451985288869,out_of_sample
7233.KL,2018-10-02,1.501481690724924e-15,True,1.297439807406042,0.1542749762714563,0.21326898493854,out_of_sample
7233.KL,2018-10-30,-2.2727272727272743,False,0.772843500495747,-0.0020931299907576,-0.0047445250159616,out_of_sample
7233.KL,2018-11-29,1.501481690724924e-15,True,0.8118342895500082,-0.327999971969428,-0.3306056076523525,out_of_sample
7233.KL,2018-12-28,0.30303030303029876,False,1.141813673548533,-0.1835755364646136,-0.1549479129361151,out_of_sample
7233.KL,2019-11-01,1.501481690724924e-15,True,0.9225140384645976,0.396666910092001,0.4235726527689045,out_of_sample
7233.KL,2019-11-29,-5.809095641173686e-16,True,0.6288963043364229,0.5606557655513287,0.6032685239133256,out_of_sample
7233.KL,2019-12-30,-5.809095641173686e-16,True,0.3353111212536133,-0.1743118864014217,0.005904392928919,out_of_sample
7233.KL,2020-01-29,1.501481690724924e-15,True,0.45842117392009424,-0.2147971314860941,-0.1060688366851068,out_of_sample
7233.KL,2020-02-26,1.501481690724924e-15,True,0.9998460914216956,0.0504201777973227,0.0794866928493336,out_of_sample
7233.KL,2020-03-30,11.363636363636358,False,0.6386872004107668,0.6104693038078313,0.4708404071833481,out_of_sample
7233.KL,2020-04-27,-1.3983199263930844e-15,True,0.6701002325475814,1.0844892569465483,0.9084076287080872,out_of_sample
7233.KL,2020-06-02,-5.809095641173686e-16,True,0.0,0.3933682958447102,0.3817478564890502,out_of_sample
7233.KL,2020-07-01,-5.809095641173686e-16,True,0.8335652392697441,0.3682516158165574,0.3752047459865988,out_of_sample
7233.KL,2020-07-29,1.501481690724924e-15,True,0.8145732794226338,-0.0338353710853039,0.035091454528356,out_of_sample
7233.KL,2020-08-28,-5.809095641173686e-16,True,0.2022830746687901,-0.0476190668393324,-0.095068268569371,out_of_sample
7233.KL,2020-09-29,-0.6060606060606011,False,0.9428947926984577,-0.0568861266420274,-0.1523711810038596,out_of_sample
7233.KL,2020-10-27,-5.809095641173686e-16,True,0.5796279396279397,0.1343284560934246,0.0700834357868831,out_of_sample
7233.KL,2020-11-25,-2.2727272727272685,False,0.6490838794705601,0.1687501456837559,0.1938067364821398,out_of_sample
7233.KL,2020-12-23,-1.3983199263930844e-15,True,0.4373091300607262,0.1365078927711129,0.1638826882709233,out_of_sample
7233.KL,2021-01-22,2.4242424242424243,False,0.8332716352510104,0.0947367459327175,0.0948369715052379,out_of_sample
7233.KL,2021-02-24,-5.809095641173686e-16,True,0.4034762463291898,0.1016042268820449,0.0924424683422959,out_of_sample
7233.KL,2021-03-24,-1.3983199263930844e-15,True,0.21001373857132666,0.2563740235290981,0.2798637976647425,out_of_sample
7233.KL,2021-04-21,-5.809095641173686e-16,True,0.8526234567901234,0.0860547193874223,0.1292470197015933,out_of_sample
7233.KL,2021-05-24,-1.818181818181821,False,0.3778273645593423,0.0378524562189821,0.0720738803198666,out_of_sample
7233.KL,2021-06-23,-5.809095641173686e-16,True,0.7492536657489869,-0.0448852616143017,-0.0229521420654991,out_of_sample
7233.KL,2021-07-22,-5.809095641173686e-16,True,0.7532987063264187,-0.0356933528526604,-0.0872113687358171,out_of_sample
7233.KL,2021-08-20,-2.4242424242424208,False,0.6811464186222201,0.0023035074348281,-0.001490890340223,out_of_sample
7233.KL,2021-09-21,-1.3983199263930844e-15,True,0.8397449989008573,-0.0165092625664046,0.0020670506043704,out_of_sample
7233.KL,2021-10-20,1.0606060606060579,False,2.307552089525032,-0.1604652365943404,-0.1287218778990987,out_of_sample
7233.KL,2021-11-18,-3.7878787878787876,False,0.39911901092792357,-0.2056738419017213,-0.2577872630907923,out_of_sample
7233.KL,2021-12-17,6.272727272727276,False,0.13103054942162295,-0.3597121932674157,-0.4058569832973121,out_of_sample
7233.KL,2022-03-23,11.575757575757576,False,1.7821213794368156,-0.0817670911202902,0.0226399704518475,out_of_sample
7233.KL,2022-06-03,6.272727272727269,False,2.0462218094652425,0.0410208662471052,0.0577846879720382,out_of_sample
7233.KL,2022-07-18,6.272727272727269,False,1.204489511572103,-0.1355808925390903,-0.0962815010034879,out_of_sample
7233.KL,2022-08-15,-1.3983199263930844e-15,True,0.4880180461700715,-0.4321130456239264,-0.4083099800886751,out_of_sample
5211.KL,2024-11-01,-5.809095641173686e-16,True,0.9543525698649286,-0.0114679106277862,0.020508822054071,out_of_sample
5211.KL,2024-11-29,-4.007726613178102e-15,False,0.8712312255158522,-0.0494843496202114,-0.0371966934154818,out_of_sample
5211.KL,2024-12-30,-5.809095641173686e-16,True,0.8212363156571324,-0.0600044860683215,0.0078720408074879,out_of_sample
5211.KL,2025-01-28,11.84848484848485,False,0.5586545735034554,0.0651102234592435,0.0731414281257921,out_of_sample
5211.KL,2025-02-28,-1.818181818181815,False,3.620411961443669,0.0395684170344288,0.0817034126801456,out_of_sample
5211.KL,2025-04-02,0.7575757575757616,False,0.39629689940947344,0.0644443780416113,0.054611549402892,out_of_sample
5211.KL,2025-04-30,1.3636363636363638,False,1.6229326497477083,0.0725274992995748,0.083175344883979,out_of_sample
5211.KL,2025-05-30,-5.809095641173686e-16,True,1.9467305270732147,0.010526325401893,-0.0380300384525393,out_of_sample
5211.KL,2025-07-01,0.15151515151515066,False,1.1635321908903795,0.1565762604937384,0.1115431307099068,out_of_sample
5211.KL,2025-07-29,-5.809095641173686e-16,True,0.44897159876422327,0.1306819825972394,0.0717904367008686,out_of_sample
5211.KL,2025-08-26,-0.1515151515151514,False,1.443207908987845,0.1621126341255987,0.1430495235434417,out_of_sample
5211.KL,2025-09-29,-5.809095641173686e-16,True,0.6047558783814829,0.0341469343071281,-0.0066302874984138,out_of_sample
5211.KL,2025-10-28,-5.809095641173686e-16,True,0.6428837131166228,0.0164233868329726,-0.0477700440238617,out_of_sample
5211.KL,2025-11-25,-5.809095641173686e-16,True,1.112597436913727,0.0505415518039544,-0.0377295219382571,out_of_sample
5211.KL,2025-12-23,-5.809095641173686e-16,True,0.31644360225797974,-0.0755645271939375,-0.0994456458077597,out_of_sample
5211.KL,2026-01-22,-5.809095641173686e-16,True,0.8229395854646355,-0.0412308950403028,-0.037299940113845,out_of_sample
5211.KL,2026-02-24,-5.809095641173686e-16,True,0.9962940695343742,-0.0686168221408992,-0.0425907309784192,out_of_sample
5211.KL,2026-03-27,6.272727272727274,False,0.4982560009458978,-0.049360144658626,-0.0315397966037502,out_of_sample
5211.KL,2026-04-24,-1.3983199263930844e-15,True,0.38829409666160347,-0.0261681998095681,-0.0209541311479429,out_of_sample
6459.KL,2007-04-02,-5.809095641173686e-16,True,1.3458778932849718,0.1444446715594258,0.0552767340412445,in_sample
6459.KL,2007-04-30,0.7575757575757601,False,0.11946566412030557,0.2224671554190946,0.1789958145465289,in_sample
6459.KL,2007-05-30,2.4242424242424225,False,1.9026261893033987,0.1009295183357308,0.1634976837070066,in_sample
6459.KL,2007-06-27,1.9090909090909078,False,0.17695546046568972,-0.0050873870749489,0.0308334396610769,in_sample
6459.KL,2007-07-25,1.501481690724924e-15,True,0.8578773539257116,-0.0577969780648803,-0.0508681320886629,in_sample
6459.KL,2007-08-22,-5.666666666666666,False,0.5410521161514461,0.0381353735922405,-0.061052940858485,in_sample
6459.KL,2007-09-20,-1.3636363636363644,False,2.042973874335053,0.0330934451602349,-0.0302838299519903,in_sample
6459.KL,2007-10-19,3.1818181818181803,False,0.07704559237407775,0.0164651339828234,-0.0341270874683625,in_sample
6459.KL,2007-11-19,-1.3983199263930844e-15,True,0.6673552294413064,0.0374149453827703,0.0124786007972115,in_sample
6459.KL,2007-12-17,-5.809095641173686e-16,True,0.6558153932044837,-0.0562200178013321,0.0911416341325289,in_sample
6459.KL,2008-01-18,-5.809095641173686e-16,True,1.309107442461683,0.0192477551273082,0.1463413455051666,in_sample
6459.KL,2008-02-20,1.0606060606060599,False,0.11731952874991976,0.0108934501109674,0.0912500219333108,in_sample
6459.KL,2008-04-04,6.272727272727269,False,0.23794743067788837,-0.038961223844026,-0.0003762836914256,in_sample
6459.KL,2008-05-05,-5.809095641173686e-16,True,0.5850669238999239,-0.1341465267176136,-0.0370109809849412,in_sample
0225.KL,2025-12-09,0.6060606060606061,False,0.19627544653041507,-0.1244018016435191,-0.1786154268398678,out_of_sample
0225.KL,2026-01-08,-5.809095641173686e-16,True,1.6951896836683706,-0.1359648614293634,-0.151981029164128,out_of_sample
0225.KL,2026-02-06,-2.4242424242424208,False,1.416445201141939,-0.0097086925602465,-0.0247246030599082,out_of_sample
0225.KL,2026-03-11,-12.212121212121213,False,2.435324098586208,0.1010101751811414,0.1181335083568368,out_of_sample
0225.KL,2026-04-09,8.363636363636356,False,0.6647913764851503,0.2210526089454798,0.2230155184616854,out_of_sample
0099.KL,2014-11-03,1.9090909090909078,False,0.7460705914793878,0.0540947576113288,0.0850982227052613,in_sample
0099.KL,2014-12-01,-5.809095641173686e-16,True,2.313651206133365,0.2308770953452719,0.2067075485404061,in_sample
0099.KL,2014-12-30,7.48484848484849,False,0.23702878206639377,0.3488593832727804,0.3126645740196097,in_sample
0099.KL,2015-01-28,-5.809095641173686e-16,True,0.28810766430691676,0.1811286418452884,0.1481754080267521,in_sample
0099.KL,2015-03-03,-1.3636363636363609,False,0.4579731723120614,0.1025638487371258,0.1386324507446756,in_sample
0099.KL,2015-03-31,-5.809095641173686e-16,True,0.7725427698484675,0.0754244800399379,0.137676617860611,in_sample
0099.KL,2015-04-28,-1.4545454545454521,False,2.4332499528321985,0.0338619813054277,0.1062585855048263,in_sample
0099.KL,2015-05-28,-5.809095641173686e-16,True,1.1892513528221873,-0.1783310440169917,-0.075292692373622,in_sample
0099.KL,2015-06-25,-5.809095641173686e-16,True,0.8340095991096478,-0.107785663357464,-0.060348812047733,in_sample
0099.KL,2015-07-24,3.636363636363636,False,0.253936845576717,-0.0600738041592873,-0.0509673373327791,in_sample
0099.KL,2015-09-09,6.272727272727269,False,0.7869441782676753,0.0756758208343719,0.0345871037123919,in_sample
0099.KL,2015-10-09,3.1818181818181803,False,1.6780500870496853,0.0255881364743759,0.0542602171703656,in_sample
0099.KL,2015-11-09,-5.809095641173686e-16,True,1.4341840046462369,0.0199173498518081,0.0339437328395889,in_sample
0099.KL,2015-12-08,-3.1818181818181817,False,0.5082542885973764,0.1675725169994684,0.1564177428351056,in_sample
0099.KL,2016-01-08,3.333333333333335,False,0.34776788702228767,0.2206140486880321,0.1841338324504955,in_sample
0099.KL,2016-02-09,3.181818181818181,False,0.0,0.1240603735905798,0.1269957855688993,in_sample
0099.KL,2016-03-08,-5.809095641173686e-16,True,0.212836087959693,0.0175439791576017,0.0538976968143313,in_sample
0099.KL,2016-04-05,-5.809095641173686e-16,True,0.08716564623349891,-0.0538267582085177,-0.0165758725471971,in_sample
0099.KL,2016-05-04,-5.809095641173686e-16,True,0.02912880264210548,-0.0042364518305488,-0.0047915043587554,in_sample
0099.KL,2016-06-01,-0.7575757575757569,False,0.9985112172082756,-0.1130436310708967,-0.1461208206362979,in_sample
0099.KL,2016-06-30,-3.484848484848484,False,4.215390458506531,-0.0617987652852033,-0.0682313531474104,in_sample
0099.KL,2016-07-28,-1.818181818181815,False,1.1702213279678069,-0.0912151593979559,-0.1005127439293473,in_sample
0099.KL,2016-08-30,-1.060606060606067,False,0.9502950863524652,-0.0231976761809429,0.0062410939995837,out_of_sample
0099.KL,2016-09-30,-1.3983199263930844e-15,True,0.0,0.0141960301211876,0.0276600701457413,out_of_sample
0099.KL,2016-10-31,12.515151515151517,False,0.050615536396002234,0.004805083196179,-0.0020531334675,out_of_sample
0099.KL,2016-11-28,-1.3983199263930844e-15,True,0.9601851414537382,0.0624999372328252,0.0224793495885446,out_of_sample
0099.KL,2016-12-28,2.0985168111426005e-15,False,1.5175521476851515,0.1029146452590561,0.0325902271090587,out_of_sample
0099.KL,2017-01-25,-5.809095641173686e-16,True,2.318639243723105,0.116994553044686,0.074166173707757,out_of_sample
0099.KL,2017-02-27,-5.809095641173686e-16,True,0.10385250845768534,0.0638394604496712,0.0182802308279166,out_of_sample
0099.KL,2017-03-27,-5.809095641173686e-16,True,0.3559874561523111,0.0042919214869334,-0.0154794192193317,out_of_sample
0099.KL,2017-04-24,-5.809095641173686e-16,True,0.0,-0.0931220323031545,-0.0948930440995654,out_of_sample
0099.KL,2017-05-24,-5.809095641173686e-16,True,1.4869191721983601,-0.1082907603432374,-0.1112325624272299,out_of_sample
0099.KL,2017-06-23,-0.7575757575757569,False,0.09510209910038554,-0.1456780936085946,-0.1495444596608017,out_of_sample
0099.KL,2017-07-24,-5.143515827251364e-15,False,0.41565542444277065,-0.158143735001161,-0.1538190821033463,out_of_sample
0099.KL,2017-08-24,6.272727272727269,False,0.45555192565973357,-0.132912514611092,-0.1005892171464694,out_of_sample
0099.KL,2018-02-13,6.272727272727269,False,3.838717342638102,0.145520001600039,0.1360274569313169,out_of_sample
0099.KL,2018-03-13,3.6363636363636362,False,0.30443897548081306,-0.052332377806628,0.001245082613824,out_of_sample
5031.KL,2016-05-03,3.7878787878787916,False,1.650081418491044,0.0040269858654129,-0.0033121349125302,in_sample
5031.KL,2016-05-31,2.0985168111426005e-15,False,2.076453667215377,0.0759838911019352,0.0415066102939709,in_sample
5031.KL,2016-06-29,1.3636363636363618,False,0.928927353789667,0.038883997458315,0.0222661229406615,in_sample
5031.KL,2016-07-27,2.5757575757575757,False,0.11051592895404568,0.0853273090046973,0.0769897710567664,in_sample
5031.KL,2016-08-24,-5.809095641173686e-16,True,2.09010904130751,-0.0057673958329098,0.0255870805041478,out_of_sample
5031.KL,2016-09-26,-5.809095641173686e-16,True,0.21219833044419037,0.0207520852696916,0.044657466629193,out_of_sample
5031.KL,2016-10-25,-5.809095641173686e-16,True,0.013365572714790828,-0.0062656913768539,0.0002442932994992,out_of_sample
5031.KL,2016-11-22,-1.3636363636363644,False,2.7900246008393226,0.0580645080537018,0.0106643011667968,out_of_sample
5031.KL,2016-12-21,-1.8181818181818186,False,0.29701784502375345,0.1282123067307603,0.0514567542614392,out_of_sample
5031.KL,2017-01-19,1.0606060606060588,False,0.17135914194737725,0.1068062961293281,0.0623481378307575,out_of_sample
5031.KL,2017-02-21,-5.809095641173686e-16,True,0.3779272615625087,0.111434189150577,0.0759122335192055,out_of_sample
5031.KL,2017-03-21,-5.809095641173686e-16,True,1.5284444147336052,0.0747125679135805,0.0552046378689179,out_of_sample
5031.KL,2017-04-18,-5.809095641173686e-16,True,0.8117340364965691,0.1046508346515544,0.0962686871018849,out_of_sample
5031.KL,2017-05-18,-0.4545454545454559,False,0.2728088071513754,0.0649498667078793,0.0627373393267305,out_of_sample
5031.KL,2017-06-19,-5.809095641173686e-16,True,1.2893317236425876,-0.0128342886009474,-0.0093908126684647,out_of_sample
5031.KL,2017-07-17,-5.809095641173686e-16,True,1.499143346659052,-0.0315786798620916,-0.0366152218807533,out_of_sample
5031.KL,2017-08-14,-5.809095641173686e-16,True,2.7184466019417477,-0.0031545066608245,0.0131010649150182,out_of_sample
5031.KL,2017-09-11,-2.4242424242424216,False,1.3578959237751593,-0.0086672725452819,0.0303793555288495,out_of_sample
5031.KL,2017-10-09,16.727272727272723,False,0.7343163381379874,-0.0108696078906077,-0.0214532836585547,out_of_sample
5031.KL,2017-11-06,11.999999999999998,False,1.0158780565258811,-0.0759492748639119,-0.1484342883580729,out_of_sample
5031.KL,2017-12-04,-2.7878787878787863,False,2.2030393926643774,-0.0874317560513645,-0.1708696393403376,out_of_sample
5031.KL,2018-01-02,-1.3983199263930844e-15,True,0.5786300272506848,-0.0618783474735807,-0.1071804240863819,out_of_sample
5031.KL,2018-03-13,5.424242424242424,False,0.15938693240025012,-0.0072115585415187,0.0463659018789333,out_of_sample
5031.KL,2018-04-10,-5.575757575757575,False,1.463523492656009,-0.0169900633308374,0.0755471819618943,out_of_sample
5031.KL,2018-05-14,13.242424242424242,False,0.9461157024793388,-0.0119050617917155,0.0127866635417097,out_of_sample
5031.KL,2018-06-12,8.363636363636356,False,0.44010422368680346,-0.0096852822294081,-0.0295304261434091,out_of_sample
5031.KL,2018-07-11,16.727272727272727,False,1.0736796084670222,-0.0395061480599746,-0.0669877078004593,out_of_sample
5031.KL,2018-08-08,-1.3983199263930844e-15,True,0.12252131137523298,-0.0602408548643098,-0.0140788597597574,out_of_sample
5031.KL,2021-01-04,-5.809095641173686e-16,True,1.0638741708039552,0.1069956124282756,0.1194318444234999,out_of_sample
5031.KL,2021-02-03,-5.809095641173686e-16,True,2.1637016306873806,0.0229557873786629,0.0111679464606513,out_of_sample
5031.KL,2021-03-04,-5.809095641173686e-16,True,0.6871785059865037,0.0492029607426034,0.0386544541481077,out_of_sample
5031.KL,2021-04-01,-5.809095641173686e-16,True,2.0168104014358885,-0.0234805514652184,0.0071076010720729,out_of_sample
5031.KL,2021-04-30,1.3636363636363644,False,1.7248337194529557,0.0374643221484571,0.1043016756254051,out_of_sample
5031.KL,2021-06-02,2.5757575757575757,False,1.4575385985390918,-0.0416667859434106,-0.0438195974399023,out_of_sample
5031.KL,2021-07-01,-1.3636363636363646,False,0.3410143835675751,-0.041018307145755,-0.0497653946855334,out_of_sample
5031.KL,2021-07-30,-5.809095641173686e-16,True,0.9821698610866889,-0.062500059638372,-0.110847450877487,out_of_sample
5031.KL,2021-08-30,-1.515151515151514,False,0.8772265418415456,-0.0565217503140401,-0.0008447505339584,out_of_sample
5031.KL,2021-09-30,1.3939393939393974,False,2.5620028295964548,-0.0039032595614759,-0.0052623216982635,out_of_sample
5031.KL,2021-10-29,2.0909090909090904,False,0.7883344964555381,-0.022077896635137,0.0077177566489653,out_of_sample
5031.KL,2021-11-29,-8.363636363636362,False,2.549724909286968,-0.0483422970445012,-0.1020637580158515,out_of_sample
5031.KL,2021-12-28,-1.3983199263930844e-15,True,0.45225658562248694,0.0299226664429899,-0.0112556213415206,out_of_sample
5031.KL,2022-01-26,-5.757575757575757,False,0.18085478262469412,0.0607836017599889,0.0118180859626686,out_of_sample
5031.KL,2022-02-28,-9.06060606060606,False,3.9451705339670116,0.0759606059713584,0.1165381226828953,out_of_sample
5031.KL,2022-03-28,3.1818181818181803,False,0.17377782458661942,0.0092808734051736,0.0989019287032293,out_of_sample
5031.KL,2022-04-26,-5.809095641173686e-16,True,0.6770245752927594,0.0269057992987198,0.1058008117845732,out_of_sample
5031.KL,2022-05-30,0.6060606060606065,False,1.3176832734785562,-0.0090293910666257,0.0400691357228322,out_of_sample
5031.KL,2022-06-28,2.0909090909090904,False,0.4335002319137043,0.1098491948965463,0.1303064655878059,out_of_sample
5031.KL,2022-07-27,-5.809095641173686e-16,True,0.9882284140428984,0.033756013775124,0.0516384837769234,out_of_sample
5031.KL,2022-08-24,2.0985168111426005e-15,False,0.801782387250872,0.1563758077331998,0.1725692632949174,out_of_sample
5031.KL,2022-09-23,-5.809095641173686e-16,True,1.6455235133536736,0.0515022369373618,0.0210667250623663,out_of_sample
5031.KL,2022-10-25,0.15151515151515058,False,0.9322608194608359,0.1312910324733995,0.0931855667886185,out_of_sample
5031.KL,2022-11-23,-5.809095641173686e-16,True,0.9859943417540562,0.0918365135757737,0.0826227630886764,out_of_sample
5031.KL,2022-12-22,-5.809095641173686e-16,True,0.4093536946475636,0.1257142824449486,0.1724674581561193,out_of_sample
5031.KL,2023-01-25,-5.809095641173686e-16,True,0.1882976827418645,0.1026873803438777,0.152212214238859,out_of_sample
5031.KL,2023-02-24,-5.809095641173686e-16,True,1.5146756036472864,0.1387507520371733,0.1760380025442495,out_of_sample
5031.KL,2023-03-24,-5.809095641173686e-16,True,0.6229118866481503,0.0962383888409625,0.1025325496116774,out_of_sample
5031.KL,2023-04-25,-5.809095641173686e-16,True,1.7865445544057321,0.0686597840299814,0.0605204495320097,out_of_sample
5031.KL,2023-05-25,-5.809095641173686e-16,True,0.39734766314148545,0.0447762498968948,0.0098024538276411,out_of_sample
5031.KL,2023-06-23,-5.809095641173686e-16,True,0.48044263428878814,0.0457675433614581,0.0021479592776314,out_of_sample
5031.KL,2023-07-25,-5.809095641173686e-16,True,0.6973709365051659,0.0110532239173721,0.0069677312861609,out_of_sample
5031.KL,2023-08-22,-5.809095641173686e-16,True,1.1617920076010926,-0.0506755380377321,-0.0569723520642837,out_of_sample
5031.KL,2023-09-20,-5.809095641173686e-16,True,1.412227343145788,-0.0222222542406675,-0.029724453349587,out_of_sample
5031.KL,2023-10-19,-3.181818181818186,False,0.7112539399189503,0.0437262435288754,0.0082293421631849,out_of_sample
5031.KL,2023-11-17,-1.3983199263930844e-15,True,0.8357834635225854,0.0717054764832356,0.0218105634021392,out_of_sample
5031.KL,2023-12-15,18.09090909090909,False,1.2060200950689144,0.0235771062930205,-0.0382233025417502,out_of_sample
5031.KL,2024-01-16,-5.809095641173686e-16,True,1.31319255749428,-0.0249516159082031,-0.056112325327548,out_of_sample
5031.KL,2024-02-16,-5.809095641173686e-16,True,2.251170082770387,-0.0189738140067514,-0.0695492331674796,out_of_sample
5031.KL,2024-03-15,-1.3983199263930844e-15,True,2.80842436090662,-0.0400001151707062,-0.0743245746006014,out_of_sample
5031.KL,2024-04-17,-0.6060606060606041,False,0.3142475446263737,-0.0096153061362536,-0.0700663470605778,out_of_sample
5031.KL,2024-05-16,-0.909090909090908,False,0.9376845933801911,-0.0664135686652716,-0.0671832183140535,out_of_sample
5031.KL,2024-07-01,6.272727272727269,False,1.428087117818277,-0.0221614582703733,-0.0692019137877271,out_of_sample
5031.KL,2024-07-30,-1.060606060606062,False,0.5292658214693963,-0.0107712755169644,-0.0291280933676412,out_of_sample
5031.KL,2024-08-27,4.181818181818177,False,1.6063066189101065,-0.0324546046192807,0.006043470081729,out_of_sample
5031.KL,2024-09-25,7.666666666666666,False,0.5666220228604633,-0.0357894643892588,0.0080081421607444,out_of_sample
5031.KL,2024-10-23,3.181818181818181,False,0.4544889021598487,-0.0509166399572467,-0.0087669002377734,out_of_sample
5031.KL,2024-11-21,-1.3983199263930844e-15,True,0.6690963721344313,0.0319149974155681,0.0388452850716051,out_of_sample
5031.KL,2024-12-23,-10.454545454545453,False,0.9488214324973696,0.1153421055110563,0.1670899930644267,out_of_sample
5031.KL,2025-01-22,17.42424242424242,False,2.399340067612705,0.1739134581139272,0.2251038012285175,out_of_sample
5031.KL,2025-02-24,2.727272727272727,False,1.5306756723686465,0.1260985015448759,0.1576275854469588,out_of_sample
5031.KL,2025-03-25,-5.809095641173686e-16,True,1.0738501871952773,0.0824743127737521,0.0820184040213123,out_of_sample
5031.KL,2025-04-24,-5.809095641173686e-16,True,0.5425331640471083,-0.0174081676331965,-0.0328543742747056,out_of_sample
5031.KL,2025-05-26,-5.809095641173686e-16,True,0.3910230089572213,-0.0019194127309632,-0.0370558986813812,out_of_sample
5031.KL,2025-06-24,-5.809095641173686e-16,True,0.46074462530108984,-0.0228571648677052,-0.0818022859892085,out_of_sample
5031.KL,2025-07-23,-2.4242424242424203,False,0.9728474496507085,-0.0492125771270216,-0.0968661115874925,out_of_sample
5031.KL,2025-08-20,3.1818181818181803,False,0.2515741741459518,-0.0749999576211146,-0.0974655349619568,out_of_sample
5031.KL,2025-09-23,0.45454545454545464,False,0.2625415294878155,0.1257660017910604,0.1021372459528406,out_of_sample
5031.KL,2025-11-05,8.81818181818182,False,0.5296117130625343,0.2301426807880202,0.1565526265427468,out_of_sample
5031.KL,2025-12-03,21.212121212121204,False,1.0721315138822438,0.1725573913278038,0.1261079530156843,out_of_sample
5031.KL,2026-01-02,-5.809095641173686e-16,True,0.7346343972340487,0.1009948481949551,0.0839025481664583,out_of_sample
5031.KL,2026-01-30,0.2727272727272739,False,0.5685484308975766,0.0572651727108219,0.0680987656630439,out_of_sample
5031.KL,2026-03-04,-5.809095641173686e-16,True,1.8673858379235626,0.0279645795269836,0.0368856996853985,out_of_sample
5031.KL,2026-04-02,-5.809095641173686e-16,True,0.7576081946609778,0.0457627078919053,0.0659240393704044,out_of_sample
5681.KL,2004-12-29,-5.809095641173686e-16,True,0.44113186289379036,0.0864866433808992,0.119354287586524,in_sample
5681.KL,2005-01-27,-1.4545454545454535,False,0.5444160171357173,0.0199994853409943,0.0701109435826179,in_sample
5681.KL,2005-03-02,-5.809095641173686e-16,True,0.9810245490981964,0.040200804824853,0.0647999771993799,in_sample
5681.KL,2005-03-30,-5.809095641173686e-16,True,0.9637854928136121,0.0199005122393449,0.0045430864703333,in_sample
5681.KL,2005-04-28,-5.809095641173686e-16,True,0.6798591720286512,0.004902037630412,-0.0706144161238875,in_sample
5681.KL,2005-05-30,-5.809095641173686e-16,True,0.9399421615441522,-0.0442063575099063,-0.1062896111840232,in_sample
5681.KL,2005-06-27,1.8181818181818208,False,0.41992058724414294,-0.0248803959676199,-0.0594394317979961,in_sample
5681.KL,2005-07-25,-2.121212121212118,False,1.848349925792519,-0.0198796467985082,-0.0015786469309251,in_sample
5681.KL,2005-09-16,12.939393939393941,False,0.8564703130254251,-0.0372809419090943,-0.0121288223773939,in_sample
5681.KL,2005-10-14,0.7575757575757563,False,0.465790820679065,0.0131233168799045,0.0279138851057914,in_sample
5681.KL,2005-11-16,-2.1212121212121184,False,0.05509350002648726,0.0287903282806467,0.0025748843849757,in_sample
5681.KL,2005-12-14,-1.3983199263930844e-15,True,1.3987784296391546,0.073298130167033,0.0475304015352628,in_sample
5681.KL,2006-01-13,-5.809095641173686e-16,True,0.6790473873435515,0.0353534710571517,0.0004702637899591,in_sample
5681.KL,2006-02-10,3.636363636363636,False,2.236043240041463,0.0203049135789814,-0.0243213617338693,in_sample
5681.KL,2006-03-10,-5.809095641173686e-16,True,1.2476455287469728,-0.0292680616221343,-0.0387695025975529,in_sample
5681.KL,2006-04-07,-1.515151515151514,False,1.7443909874720145,-0.0048779404068417,0.0258730518000533,in_sample
5681.KL,2006-05-05,-0.7575757575757571,False,1.3268224625043599,0.0248747714534491,0.052605776929205,in_sample
5681.KL,2006-06-02,-0.1515151515151514,False,0.4136201408314845,0.0750922780506597,0.053818372416974,in_sample
5681.KL,2006-06-30,7.636363636363641,False,4.684040971419131,0.0741973245626412,0.0189436562242455,in_sample
5681.KL,2006-07-28,2.4242424242424243,False,0.23992484310293805,0.0839349221093894,0.0363591420553595,in_sample
5681.KL,2006-08-25,2.4242424242424243,False,1.5816086972225232,0.131067691118166,0.0360986029597001,in_sample
5681.KL,2006-09-22,-5.809095641173686e-16,True,1.1225058222648778,0.1378507088651244,0.0092907093507599,in_sample
5681.KL,2006-10-20,-5.809095641173686e-16,True,0.3475128783000644,0.3423939403929801,0.1857134365810175,in_sample
5681.KL,2006-11-17,2.1818181818181843,False,0.9739318803881676,0.216766668793406,0.0199450545411619,in_sample
5681.KL,2006-12-15,-2.18181818181818,False,1.6008503870249045,0.2127665587201734,0.1275023485134085,in_sample
5681.KL,2007-01-16,1.501481690724924e-15,True,0.8977160235086373,0.2123898651050606,0.057358593889657,in_sample
5681.KL,2007-02-14,0.8181818181818169,False,3.0000537034296477,0.333333268477626,0.2526839960103688,in_sample
5681.KL,2007-03-16,-5.809095641173686e-16,True,0.15145202793775273,0.3596489283746744,0.2087607434225515,in_sample
5681.KL,2007-04-13,1.501481690724924e-15,True,0.4919825467459209,0.1605832782440519,0.1122344001208406,in_sample
5681.KL,2007-05-15,1.501481690724924e-15,True,0.9745276007297133,0.1472589601447229,0.1888383165953923,in_sample
5681.KL,2007-06-12,1.501481690724924e-15,True,2.4784253831935033,0.1350409878751242,0.1810874565629459,in_sample
5681.KL,2007-07-10,0.9090909090909087,False,1.083817713672648,0.1193532622064563,0.1226271623808946,in_sample
5681.KL,2007-08-07,-2.181818181818179,False,1.657350663344333,0.0722892439771365,-0.0199727984886435,in_sample
5681.KL,2007-09-05,-5.809095641173686e-16,True,0.23511299475691166,0.0,-0.0763137631913344,in_sample
5681.KL,2007-10-03,-5.809095641173686e-16,True,0.8167578907519283,0.0085759404177641,-0.0416962655993802,in_sample
5681.KL,2007-11-01,-5.809095641173686e-16,True,1.8300019959510707,-0.0710778972925377,-0.0597874591635929,in_sample
5681.KL,2007-11-30,2.4242424242424256,False,3.2250456566131884,-0.0386730100542951,0.0207122081287622,in_sample
5681.KL,2008-01-02,3.1818181818181803,False,0.12398067935154584,-0.0693636788512231,0.0671779055987228,in_sample
5681.KL,2008-01-31,4.212121212121208,False,1.0297896350064428,0.0122694356995591,0.0936546965274346,in_sample
5681.KL,2008-03-04,-1.3983199263930844e-15,True,0.36592046209087525,-0.0122696272438859,0.0165884140200818,in_sample
5681.KL,2008-04-02,17.42424242424242,False,0.3498463613879937,-0.0745345734279802,-0.0349185653737916,in_sample
5681.KL,2008-04-30,1.8181818181818208,False,2.053436930151431,-0.0909090679730095,0.0170011619992364,in_sample
5681.KL,2008-05-30,1.1918768266294994e-15,False,1.3303733925321493,-0.1366716048259075,0.0126113695840947,in_sample
5681.KL,2008-07-23,6.272727272727269,False,0.7447545577696659,-0.0864179908912463,0.1191094721695246,in_sample
5681.KL,2008-10-03,6.272727272727269,False,0.019152501795547044,0.0849815895017127,0.205312095439148,in_sample
5681.KL,2008-11-03,-1.3983199263930844e-15,True,1.420434435172245,0.124468131988507,0.149541783409109,in_sample
5681.KL,2008-12-01,1.8181818181818208,False,0.6444802702287732,0.0986685316637197,0.0871295972650569,in_sample
5681.KL,2009-01-02,3.7878787878787916,False,0.8962112001587971,0.0479458300011703,0.0338016099765121,in_sample
5681.KL,2009-02-04,-5.809095641173686e-16,True,0.09143616070288356,0.0675675211262094,-0.0836186095810529,in_sample
5681.KL,2009-03-06,-5.809095641173686e-16,True,0.398646204722782,0.0666674969876952,-0.170544505849072,in_sample
5681.KL,2009-04-03,-5.809095641173686e-16,True,0.4425841347502609,0.0849668146727107,-0.1011722072089924,in_sample
5681.KL,2009-05-04,-5.809095641173686e-16,True,0.4058992991357441,0.0696200721461146,-0.0760861877549554,in_sample
5681.KL,2009-06-01,-5.809095641173686e-16,True,0.3436089473157526,0.1272576908068801,0.0211266527356139,in_sample
5681.KL,2009-06-29,-5.809095641173686e-16,True,0.5724516158274033,0.0777411497513025,-0.0544533190282587,in_sample
5681.KL,2009-07-27,-5.809095641173686e-16,True,1.0076909550296624,0.1078475506840346,0.0182701780726117,in_sample
5681.KL,2009-08-24,-5.809095641173686e-16,True,0.7253566523725441,0.0242210918689294,-0.0627613728852409,in_sample
5681.KL,2009-09-24,-5.809095641173686e-16,True,1.9166523263886828,0.0300543777179291,-0.0008143592714,in_sample
5681.KL,2009-10-22,0.8181818181818139,False,0.018338965206907677,-0.0055553152376002,-0.042538835232206,in_sample
5681.KL,2009-11-19,-0.4545454545454494,False,0.05892446660407291,-0.0058609272750473,0.0021366310318962,in_sample
5681.KL,2009-12-21,0.9090909090909111,False,2.6419471863663206,0.0229622768054762,-0.0162122927971832,in_sample
5681.KL,2010-01-20,-1.06060606060606,False,0.7996140438247012,0.0215908907037005,-0.0008180953873542,in_sample
5681.KL,2010-02-22,-1.3983199263930844e-15,True,0.46241600023222396,0.0391707233933764,-0.0111515228146015,in_sample
5681.KL,2010-03-23,0.6060606060606061,False,3.342601760549053,0.0258136447286523,0.0307797179094716,in_sample
5681.KL,2010-04-20,-5.809095641173686e-16,True,0.8541535785048084,0.0567301557948765,0.0528526712930725,in_sample
5681.KL,2010-05-18,-5.809095641173686e-16,True,0.0652379181092449,0.2065379430497274,0.1894423917419203,in_sample
5681.KL,2010-06-16,2.2282400116593197e-15,False,0.25997039841319386,0.2822892107660679,0.1749160931617099,in_sample
5681.KL,2010-07-14,0.7575757575757601,False,1.5848835506078804,0.2028549535391433,0.093741341435442,in_sample
5681.KL,2010-08-11,1.0909090909090955,False,0.7603583626902237,0.1057689497487233,-0.0225618266746023,in_sample
5681.KL,2010-09-09,0.727272727272731,False,0.711225554396324,0.0994566529814189,0.0413740478095663,in_sample
5681.KL,2010-10-11,-5.809095641173686e-16,True,0.5623117259846033,0.1371228408821594,0.0826926843838877,in_sample
5681.KL,2010-11-09,-5.809095641173686e-16,True,0.8484569322892677,0.1301630037881038,0.1239135905377259,in_sample
5681.KL,2010-12-09,0.8181818181818169,False,0.5905853249356668,0.1932766591025285,0.1961557977088075,in_sample
5681.KL,2011-01-06,-5.809095641173686e-16,True,2.993910894073672,0.3750002490485633,0.3791063856274953,in_sample
5681.KL,2011-02-09,-5.809095641173686e-16,True,1.3664428248623532,0.2468150293021722,0.260206311605922,in_sample
5681.KL,2011-03-10,1.501481690724924e-15,True,2.3369352290679304,0.1464790245022369,0.1232541926566215,in_sample
5681.KL,2011-04-07,1.501481690724924e-15,True,0.6045438294276335,-0.0181819649646048,-0.0312554837348499,in_sample
5681.KL,2011-05-06,-2.2727272727272743,False,1.2532573108532483,0.1405294496123186,0.1124792947026354,in_sample
5681.KL,2011-06-06,-5.809095641173686e-16,True,0.34187549072471174,0.1310442890418437,0.1986090667857772,in_sample
5681.KL,2011-07-04,-5.809095641173686e-16,True,2.1026116067801017,0.0361110390759027,0.1718774367561232,in_sample
5681.KL,2011-08-01,-2.181818181818179,False,0.8954189810667145,-0.0637339376496205,-0.0108652175509745,in_sample
5681.KL,2011-08-29,-5.809095641173686e-16,True,0.12650560841530642,-0.0578233554373914,-0.084072769659818,in_sample
5681.KL,2011-10-03,-8.000000000000004,False,1.3211675675675676,0.1167266528329664,-0.0026207487454352,in_sample
5681.KL,2011-11-01,-1.3983199263930844e-15,True,1.2689770704638257,0.1549149880560381,0.1132720734143426,in_sample
5681.KL,2011-12-01,3.1818181818181803,False,1.665543429060001,0.1095787550420963,0.0395843027213171,in_sample
5681.KL,2011-12-30,-5.809095641173686e-16,True,1.092678610926786,0.072742779398649,0.0250204183289617,in_sample
5681.KL,2012-02-02,-5.809095641173686e-16,True,0.9428904265323023,0.0642448810896831,0.0347735750272892,in_sample
5681.KL,2012-03-05,-5.809095641173686e-16,True,0.7795809551074451,0.1317142512163653,0.1405550202834671,in_sample
5681.KL,2012-04-02,-5.809095641173686e-16,True,0.9438590240760788,0.1607225543002834,0.1619010292868227,in_sample
5681.KL,2012-05-02,-0.2727272727272706,False,1.4278963800523163,0.1118862293360276,0.0785822077711648,in_sample
5681.KL,2012-05-30,1.9090909090909125,False,0.31485127628155546,0.1289574604335286,0.0825815615021059,in_sample
5681.KL,2012-06-27,1.501481690724924e-15,True,1.1602105130024802,0.0244527920407073,0.0140338860898434,in_sample
5681.KL,2012-07-25,-0.3636363636363645,False,0.5006585171307203,0.0606455368538727,0.042414088299423,in_sample
5681.KL,2012-08-24,-1.7272727272727204,False,0.7137075013491635,-0.0215797160681717,-0.0010120582211424,in_sample
5681.KL,2012-09-25,-5.809095641173686e-16,True,2.081627359801397,0.088772590281847,0.0638927445994572,in_sample
5681.KL,2012-10-23,-5.809095641173686e-16,True,0.902378294839873,0.032055219813492,0.0538222867261909,in_sample
5681.KL,2012-11-23,2.272727272727272,False,0.8814525610594733,0.0790704289303343,0.0729625273061607,in_sample
5681.KL,2012-12-21,2.2282400116593197e-15,False,0.2015429406056091,-0.0036152329424277,1.3798989241475825e-05,in_sample
5681.KL,2013-01-22,-1.3636363636363644,False,1.1180605755832835,0.0413233910727182,-0.0027189375676346,in_sample
5681.KL,2013-02-26,2.5757575757575775,False,0.28052570398310916,0.11051895256643,0.0121924457194881,in_sample
5681.KL,2013-03-26,-5.809095641173686e-16,True,0.9709775807313775,0.1016720894405789,0.0354160239787537,in_sample
5681.KL,2013-04-23,0.4545454545454549,False,0.9656146961846443,0.1519864186943818,0.0983810554372304,in_sample
5681.KL,2013-05-22,0.6363636363636377,False,0.22980874258422393,0.1037959654504996,0.1253556896652606,in_sample
5681.KL,2013-06-20,-0.6363636363636366,False,0.5889985710296799,0.1226848279954748,0.11754390242523,in_sample
5681.KL,2013-07-18,-5.809095641173686e-16,True,2.5159322325175077,0.135449345947735,0.1321672507923907,in_sample
5681.KL,2013-08-20,-0.272727272727268,False,1.7301905717151453,0.08906961311928,0.0636029918746876,in_sample
5681.KL,2013-09-18,-5.809095641173686e-16,True,1.0641767219924134,0.083374028804835,0.0444500420025417,in_sample
5681.KL,2013-10-17,-5.809095641173686e-16,True,0.19902243388895852,0.0382824126077336,0.0234778679264837,in_sample
5681.KL,2013-11-15,-0.8181818181818151,False,0.29835677944712335,0.0033221691162126,-0.0131594748470231,in_sample
5681.KL,2013-12-13,-5.809095641173686e-16,True,0.7838992080879031,0.0098200050628611,0.0289630924843355,in_sample
5681.KL,2014-01-15,-5.809095641173686e-16,True,2.62237965274955,-0.0092401724633959,-0.0249361886599324,in_sample
5681.KL,2014-02-14,-2.72727272727273,False,0.8620650469328849,-0.1000900635571186,-0.125763764378205,in_sample
5681.KL,2014-03-14,-2.2727272727272667,False,2.129586163010255,-0.2007686751051699,-0.240372685047863,in_sample
5681.KL,2014-04-11,-1.818181818181821,False,0.8007928008567364,-0.2229572063300023,-0.2445423808879895,in_sample
8869.KL,2015-02-04,-1.3983199263930844e-15,True,0.7257551161769287,0.0895107754582933,0.0759779116244208,in_sample
8869.KL,2015-03-06,-5.809095641173686e-16,True,0.8870985758648008,-0.1296036571750611,-0.0933051407506669,in_sample
8869.KL,2015-04-03,-5.809095641173686e-16,True,0.17585420465585047,-0.208904693482262,-0.1391970841232276,in_sample
8869.KL,2015-05-07,-7.303030303030307,False,2.1752374863711386,-0.1518721340055108,-0.1064674683105286,in_sample
8869.KL,2015-09-18,7.333333333333327,False,4.4958450649984165,-0.0892680852129936,-0.0681114484032051,in_sample
8869.KL,2015-10-20,-1.3983199263930844e-15,True,0.7319439290062568,-0.0866194146523786,-0.0382976764819291,in_sample
8869.KL,2017-04-03,1.4545454545454548,False,0.3960452680673671,0.0211111131316033,0.0106956688651504,out_of_sample
8869.KL,2017-05-02,1.501481690724924e-15,True,0.8836272090266976,-0.018921963639478,-0.0125175740034054,out_of_sample
8869.KL,2017-06-01,-2.4242424242424203,False,0.6887843535742428,0.3855187890056095,0.3820816474522754,out_of_sample
8869.KL,2017-06-30,-5.809095641173686e-16,True,0.0,0.4014273293582182,0.3972485459500128,out_of_sample
8869.KL,2017-07-28,-5.809095641173686e-16,True,4.4373230495563085,0.4501536424586545,0.4651104821591253,out_of_sample
8869.KL,2017-08-25,1.501481690724924e-15,True,0.4514674480207942,0.3049332496543147,0.3317876551583079,out_of_sample
8869.KL,2017-09-22,1.501481690724924e-15,True,0.0,0.3355734566495403,0.3457200893495835,out_of_sample
8869.KL,2017-10-20,1.501481690724924e-15,True,1.6489312855345344,0.429305039053834,0.3803233318928409,out_of_sample
8869.KL,2017-11-17,1.501481690724924e-15,True,1.3328282314271391,0.2276109324053823,0.1618197673190538,out_of_sample
8869.KL,2017-12-15,1.501481690724924e-15,True,0.7851025008988567,0.0050232604360096,-0.0475702333018521,out_of_sample
8869.KL,2018-01-15,1.501481690724924e-15,True,0.5368260825595055,-0.1694381863067102,-0.1955676012529041,out_of_sample
8869.KL,2018-02-14,-1.9090909090909078,False,0.20335106859578536,-0.1163544446598333,-0.1290688018133964,out_of_sample
8869.KL,2018-03-15,5.606060606060603,False,0.7238118862445829,-0.1151852622847166,-0.069939856815232,out_of_sample
8869.KL,2018-04-12,19.72727272727272,False,0.3019256186488823,-0.1092161422191381,-0.0282552527102906,out_of_sample
8869.KL,2018-05-16,0.7575757575757616,False,0.3553953486221707,0.0115527096611292,0.0398103321088338,out_of_sample
8869.KL,2018-06-29,6.272727272727269,False,1.1218995957691662,0.118122494251043,0.0580278892176038,out_of_sample
8869.KL,2018-07-27,14.636363636363635,False,0.747119586809694,0.047671765481412,0.0963281495674355,out_of_sample
8869.KL,2018-08-27,0.4545454545454549,False,0.4297738672926027,-0.0215763965521584,0.0483231434066316,out_of_sample
8869.KL,2018-09-28,1.0606060606060588,False,1.471157670237268,-0.0350737780053462,0.0321543106580751,out_of_sample
8869.KL,2018-10-26,-0.6060606060606041,False,0.6439433122995759,-0.0748686724741544,-0.0855456359083289,out_of_sample
8869.KL,2018-11-27,-1.0606060606060563,False,1.680720938504298,-0.1139553563740315,-0.1308577231603461,out_of_sample
8869.KL,2018-12-26,-1.3983199263930844e-15,True,0.43489960980131265,-0.0310096750737776,-0.0131512537218798,out_of_sample
8869.KL,2019-02-21,7.333333333333327,False,0.5033207169892165,0.0080553722440639,0.0804662537878032,out_of_sample
8869.KL,2019-03-21,3.636363636363636,False,1.3866796046969672,-0.065874654861223,-0.0593228208385724,out_of_sample
8869.KL,2019-04-18,-3.7878787878787876,False,1.6336571681877092,-0.0216709880672297,-0.052052571127919,out_of_sample
8869.KL,2019-05-23,-8.363636363636362,False,0.48884551545266347,0.1116959478131653,0.115079520738455,out_of_sample
8869.KL,2019-06-20,-1.3983199263930844e-15,True,0.6414299777591425,0.1107339989835949,0.1579756156889606,out_of_sample
8869.KL,2019-07-18,-1.3983199263930844e-15,True,0.44374974625471963,0.1051268388159372,0.1502652323720688,out_of_sample
8869.KL,2019-08-19,-5.809095641173686e-16,True,0.5907332026735012,-0.00367681053647,-0.0026119784253054,out_of_sample
8869.KL,2019-09-19,-5.809095641173686e-16,True,1.4318410832105404,-0.0481838670488876,-0.0324472828304831,out_of_sample
8869.KL,2019-10-17,2.4242424242424256,False,0.8747636329469246,0.023334474995009,0.0194602447086085,out_of_sample
8869.KL,2021-09-01,2.272727272727273,False,2.350414659228407,-0.0509055820105673,-0.0028114685843869,out_of_sample
8869.KL,2021-09-30,-5.809095641173686e-16,True,0.9293227952464889,-0.0016628535319077,-0.0030219156686953,out_of_sample
8869.KL,2021-10-29,-2.4242424242424203,False,1.0990080211031161,0.0937225584690668,0.1235182117531692,out_of_sample
8869.KL,2021-11-29,0.757575757575761,False,2.1539938788012507,0.2929901583658543,0.2392686973945039,out_of_sample
8869.KL,2021-12-28,2.87878787878788,False,0.9295852493259275,0.0943385176607989,0.0531602298762883,out_of_sample
8869.KL,2022-01-26,-5.809095641173686e-16,True,1.2923180285458278,0.0180381861543346,-0.0309273296429857,out_of_sample
8869.KL,2022-02-25,-0.4545454545454559,False,1.1232892897229387,-0.1868991234741498,-0.1586529735451272,out_of_sample
8869.KL,2022-03-25,-1.2121212121212106,False,0.7698571352023214,-0.2473190556582929,-0.1442940143806668,out_of_sample
8869.KL,2022-04-25,-1.3636363636363644,False,1.5209125001324424,-0.2684476573318058,-0.1890189597294198,out_of_sample
8869.KL,2022-05-30,6.272727272727269,False,0.47757534009516645,-0.1519756498260676,-0.1028771230366096,out_of_sample
8869.KL,2022-07-28,10.727272727272721,False,1.6278505024031964,-0.1023907058234606,-0.0781015615845132,out_of_sample
8869.KL,2022-08-25,-1.3983199263930844e-15,True,1.1783840152308789,0.0015245290544334,-0.0027483277952711,out_of_sample
8869.KL,2022-10-06,6.272727272727269,False,0.8903007264430233,0.1200005201686851,0.0776753138270414,out_of_sample
8869.KL,2022-11-07,-1.3983199263930844e-15,True,0.45913559094667955,0.1998378579453541,0.1842219455334193,out_of_sample
8869.KL,2022-12-07,-1.3983199263930844e-15,True,0.48535480932489633,0.066395589570203,0.078223397930931,out_of_sample
1066.KL,2011-07-01,0.4545454545454552,False,0.2391447031176098,-0.2349726132718591,-0.1112724453744693,in_sample
1066.KL,2011-07-29,3.0303030303030307,False,0.8476098275577668,-0.1447127952291262,-0.1079619724736276,in_sample
1066.KL,2011-10-27,6.272727272727269,False,2.0576944335687215,-0.0589004044217037,-0.0928720882397468,in_sample
1066.KL,2011-11-25,9.060606060606059,False,0.3859917765667656,0.0743244910549043,-0.0221443510222461,in_sample
1066.KL,2011-12-28,6.272727272727269,False,0.5645698079827018,0.0883593426654028,0.0342875282058519,in_sample
1066.KL,2012-01-30,-1.3983199263930844e-15,True,0.7692558727728734,0.0168304615649601,-0.019012423209153,in_sample
7103.KL,2014-04-01,-5.809095641173686e-16,True,0.6708571428571428,0.0898871594692884,0.0670433049024532,in_sample
7103.KL,2014-04-29,-5.809095641173686e-16,True,1.210713802588267,0.1718752451524345,0.1621943904777174,in_sample
7103.KL,2014-05-29,-3.636363636363634,False,2.872560615020698,0.2777766438314673,0.285663189251762,in_sample
7103.KL,2014-06-26,2.4242424242424243,False,1.3734015345268542,0.1082477171069946,0.1330417540906241,in_sample
7103.KL,2014-07-25,2.2727272727272765,False,1.493634002660417,-0.0844451375008072,-0.0555798587591536,in_sample
7103.KL,2014-08-26,0.36363636363636326,False,0.09288015557426059,-0.1043477680245309,-0.0892819036729748,in_sample
7103.KL,2014-09-25,-3.030303030303033,False,1.9021739130434783,-0.0702302615854162,-0.0164841816928793,in_sample
7103.KL,2014-10-27,2.090909090909088,False,0.031360602123560774,0.039704727486767,0.0688082339910125,in_sample
7103.KL,2014-11-24,6.272727272727276,False,0.022744072326149996,0.039704727486767,0.0479336578649448,in_sample
7103.KL,2014-12-22,2.7878787878787854,False,0.030018168891697606,0.0459180628177262,0.0057873393437049,in_sample
7103.KL,2015-01-21,1.0606060606060588,False,0.0866134154556828,-0.0380959115353146,-0.0904718273350789,in_sample
7103.KL,2015-02-24,1.3636363636363638,False,2.8548957923712153,-0.0476200824684631,-0.0346216363700407,in_sample
7103.KL,2015-03-24,-3.181818181818186,False,2.661207778915046,-0.1219505153008181,-0.069074039655394,in_sample
7103.KL,2015-04-21,-1.3983199263930844e-15,True,0.538106495553304,-0.0742573138984139,-0.0012113267861761,in_sample
7103.KL,2015-05-21,5.575757575757571,False,0.8136034496786266,-0.0999989806984833,0.0104275771831795,in_sample
7103.KL,2015-06-30,10.727272727272721,False,0.6986899563318777,-0.0414513465705604,0.0160944510754246,in_sample
7103.KL,2015-07-31,2.787878787878786,False,0.9198877132368819,0.0425539321389358,0.0751456157527282,in_sample
7103.KL,2015-09-08,6.272727272727269,False,1.656185492775191,0.1467209517879135,0.0932404303755769,in_sample
7103.KL,2015-10-08,-1.3983199263930844e-15,True,0.38009431970155555,0.1792204839237856,0.2011268468588459,in_sample
7103.KL,2015-11-26,-5.809095641173686e-16,True,0.9792398107159213,0.1122689252345841,0.1270809270567651,in_sample
7103.KL,2015-12-30,-5.809095641173686e-16,True,0.8380651189534968,0.1121496345254076,0.1066745884860669,in_sample
7103.KL,2016-01-29,-5.809095641173686e-16,True,1.361428623598583,0.0897437001138403,0.0617367690849555,in_sample
7103.KL,2016-02-29,-5.809095641173686e-16,True,0.762949573022502,0.066389691926336,0.0838606296387926,in_sample
7103.KL,2016-03-28,-5.809095641173686e-16,True,0.433077300212453,-0.0168064669490791,0.0212102807638906,in_sample
7103.KL,2016-04-25,-5.809095641173686e-16,True,0.6886881272410409,-0.0627458070994114,-0.0365575526370182,in_sample
7103.KL,2016-05-24,-5.809095641173686e-16,True,1.1018346184525392,-0.0233463974001039,-0.0654661520551683,in_sample
7103.KL,2016-06-23,-4.878787878787881,False,0.6377607371643157,0.0,-0.0096342937208349,in_sample
7103.KL,2016-07-21,-1.3983199263930844e-15,True,0.30212992212179024,0.0416663012125062,0.0351928645437795,in_sample
7103.KL,2016-08-18,3.636363636363636,False,0.7186887752664023,-0.0855158268859632,-0.0458431732735392,out_of_sample
7103.KL,2016-09-21,-3.636363636363636,False,0.8962728167012788,0.0274484269981656,0.0400725078629321,out_of_sample
7103.KL,2016-10-20,2.4242424242424225,False,0.8725893139424596,-0.0427607711023358,-0.0377582593028089,out_of_sample
7103.KL,2016-12-01,7.12121212121212,False,0.6523157208088715,-0.012930864340196,-0.0677930822846918,out_of_sample
7103.KL,2017-01-02,-5.809095641173686e-16,True,0.0,-0.0573773776242098,-0.1228692799530876,out_of_sample
7103.KL,2017-01-31,11.151515151515152,False,0.5559558117195005,0.0,-0.0576594054766814,out_of_sample
7103.KL,2017-03-20,6.272727272727269,False,0.25087594230156685,0.1029022729781992,0.0789513274620385,out_of_sample
7103.KL,2017-04-17,-1.3983199263930844e-15,True,0.5383885550573921,0.0672361235283345,0.0550845686002861,out_of_sample
7103.KL,2017-05-17,-5.809095641173686e-16,True,0.6942392909896603,-0.1075605100155913,-0.1026664918492411,out_of_sample
7103.KL,2024-12-02,-5.809095641173686e-16,True,0.7096365708496898,0.0515463740810167,0.0666452572479712,out_of_sample
7103.KL,2024-12-31,-5.809095641173686e-16,True,0.38621626978508933,-0.0097719837951693,0.0653773011703728,out_of_sample
7103.KL,2025-01-31,0.15151515151515113,False,0.33689091963037476,0.0129032216539841,0.0221715548397853,out_of_sample
7103.KL,2025-03-03,-2.272727272727267,False,0.5911788665192599,0.0457516190708442,0.0891145105320594,out_of_sample
7103.KL,2025-04-03,-1.3636363636363644,False,0.25784380130184714,0.0664730257503476,0.0458661918671832,out_of_sample
7103.KL,2025-05-02,3.636363636363636,False,1.0802621908233212,0.0455786787975123,0.0572416330781048,out_of_sample
7103.KL,2025-06-03,-5.809095641173686e-16,True,1.2075678639978065,0.1221591307647054,0.0658411303125601,out_of_sample
7103.KL,2025-07-02,2.5757575757575752,False,0.5038904980973476,0.2848100593917309,0.2450283230467926,out_of_sample
7103.KL,2025-07-30,-5.809095641173686e-16,True,1.0471801981812991,0.7562498945961997,0.6991557397503487,out_of_sample
7103.KL,2025-08-27,-5.809095641173686e-16,True,0.7805490759016688,0.6000000000000001,0.5769571543521264,out_of_sample
7103.KL,2025-09-30,0.7272727272727267,False,0.4871799498385089,0.325123200786521,0.2839104222237847,out_of_sample
7103.KL,2025-10-29,1.501481690724924e-15,True,2.1177489978674453,0.0604982637417015,-0.0067975828045405,out_of_sample
7103.KL,2025-11-26,1.501481690724924e-15,True,0.629975770162686,0.0464285925132077,-0.0294778763041205,out_of_sample
7103.KL,2025-12-24,-5.809095641173686e-16,True,0.47967485127531,-0.0706319336421734,-0.0900442918580242,out_of_sample
7103.KL,2026-01-23,-5.809095641173686e-16,True,0.16630675765166567,-0.1107382046651102,-0.1117323737865636,out_of_sample
7103.KL,2026-02-25,-5.809095641173686e-16,True,5.493097899728998,-0.1194539639913057,-0.099348796112417,out_of_sample
7103.KL,2026-04-08,6.272727272727269,False,0.5216797965386762,0.1641192896004997,0.1716533068823813,out_of_sample
5263.KL,2025-01-02,-5.809095641173686e-16,True,1.169643700973443,-0.0570219257516195,0.0218147121030133,out_of_sample
5263.KL,2025-03-27,0.30303030303029876,False,1.077428565163551,0.3299105639657926,0.3348397809410007,out_of_sample
5263.KL,2025-04-29,3.1818181818181803,False,0.5692327068165189,0.1887843996531457,0.1796656938580842,out_of_sample
5263.KL,2025-05-29,0.6363636363636377,False,0.9068595266714478,0.0519187162132339,-0.0030326141376548,out_of_sample
5263.KL,2025-06-30,-5.809095641173686e-16,True,0.8396714794347,0.0094728613686403,-0.0401631955601338,out_of_sample
5263.KL,2025-07-28,-3.7878787878787876,False,0.8472929738148858,0.124147352718853,0.0659538365777683,out_of_sample
5263.KL,2025-08-25,2.5757575757575757,False,1.6114390477892504,0.019473520898452,0.009282826260496,out_of_sample
5263.KL,2025-09-26,-5.809095641173686e-16,True,0.9304002097168822,-0.0175746467351256,-0.0562558489014004,out_of_sample
5263.KL,2025-10-27,-3.4848484848484818,False,0.44444133178322803,0.0204109315458118,-0.0336122604407131,out_of_sample
5263.KL,2025-11-24,7.636363636363641,False,3.8606925226722435,0.081701056929081,-0.0042895956936457,out_of_sample
5263.KL,2025-12-22,-3.1818181818181817,False,0.6055550973597026,0.1673504179341602,0.1449306285335463,out_of_sample
5263.KL,2026-01-21,-1.3636363636363644,False,1.0592358328817504,0.25,0.2444191339399266,out_of_sample
5263.KL,2026-02-23,-5.809095641173686e-16,True,0.38825189341723293,0.2207136076700364,0.2436319796140429,out_of_sample
5263.KL,2026-03-24,-5.809095641173686e-16,True,0.5352487757651554,0.200980873126741,0.1990671933164916,out_of_sample
5263.KL,2026-04-21,-5.809095641173686e-16,True,1.5757136755589929,0.0872036998311285,0.0778060938135294,out_of_sample
4863.KL,2011-11-01,-5.809095641173686e-16,True,0.8003578913358279,0.1371160358696903,0.0954731212279949,in_sample
4863.KL,2011-12-01,-5.809095641173686e-16,True,1.6308888967532722,0.1857799121361387,0.1157854598153595,in_sample
4863.KL,2011-12-30,1.501481690724924e-15,True,0.8026146207208179,0.0766127900909974,0.0288904290213101,in_sample
4863.KL,2012-02-02,-5.809095641173686e-16,True,0.9406721068710691,0.1247399233372708,0.0952686172748769,in_sample
4863.KL,2012-03-05,0.8181818181818183,False,0.5349520455785803,0.0579559874898936,0.0667967565569953,in_sample
4863.KL,2012-04-02,1.5454545454545456,False,0.6128295105740568,0.085312645517027,0.0864911205035662,in_sample
4863.KL,2012-05-02,1.501481690724924e-15,True,0.6054574340733324,0.1578751208595334,0.1245710992946707,in_sample
4863.KL,2012-05-30,-5.809095641173686e-16,True,0.8423799745854482,0.1173182145577582,0.0709423156263355,in_sample
4863.KL,2012-06-27,1.3636363636363633,False,1.700114151496213,0.0629115856115947,0.0524926796607307,in_sample
4863.KL,2012-07-25,1.501481690724924e-15,True,0.5559341882967286,0.0015900838675633,-0.0166413646868863,in_sample
4863.KL,2012-08-24,-5.809095641173686e-16,True,1.4504594380150897,-0.0902636227878717,-0.0696959649408424,in_sample
4863.KL,2012-09-25,-5.809095641173686e-16,True,0.6455681222821452,-0.0067225503212434,-0.0316023960036332,in_sample
4863.KL,2012-10-23,-5.809095641173686e-16,True,0.6816445388885862,-0.084158660747753,-0.0623915938350541,in_sample
4863.KL,2012-12-11,6.272727272727269,False,1.2160868674002006,-0.0686618984515764,-0.0681563116768162,in_sample
4863.KL,2013-01-10,-5.809095641173686e-16,True,0.832290960165925,-0.06484645420617,-0.078185225221845,in_sample
4863.KL,2013-03-27,7.333333333333331,False,0.6925349743864575,0.0279095813943861,-0.0250297447750076,in_sample
4863.KL,2013-04-24,-0.1515151515151514,False,0.8939067736135368,-0.0152139916858807,-0.0681556942898925,in_sample
4863.KL,2013-05-23,-5.809095641173686e-16,True,1.6863565967588605,-0.0401460173805949,-0.0242356240066747,in_sample
4863.KL,2013-06-21,-0.9090909090909078,False,3.3374005756392937,0.0091051951207501,-0.0120014250968358,in_sample
4863.KL,2013-08-06,6.272727272727269,False,1.5769362176547805,-0.0063573576792962,-0.0166731827356531,in_sample
4863.KL,2013-09-06,20.36363636363636,False,0.5850069789491245,0.0052072754385681,-0.0517018629807211,in_sample
4863.KL,2013-10-07,-3.181818181818186,False,1.30055854361093,0.0365384147305525,0.0039408270761138,in_sample
4863.KL,2013-11-06,6.272727272727276,False,0.47538272699376044,0.049999891899213,0.0595226691268735,in_sample
4863.KL,2013-12-04,7.636363636363631,False,1.3848941829781372,0.0735848825502794,0.0696274969413632,in_sample
4863.KL,2014-01-03,-5.809095641173686e-16,True,0.5715466231695924,0.0871985071565946,0.07779117431516,in_sample
4863.KL,2014-02-05,0.4545454545454549,False,0.6918356670166641,0.1355311681335718,0.0875772101888681,in_sample
4863.KL,2014-03-05,-5.809095641173686e-16,True,1.1483625636605972,0.1140531598136751,0.0898501212398406,in_sample
4863.KL,2014-04-02,-5.809095641173686e-16,True,0.9429525393663652,0.1114906327396114,0.0958696534140512,in_sample
4863.KL,2014-04-30,-5.809095641173686e-16,True,1.8477664124431479,0.0422661195091118,0.0386220514692889,in_sample
4863.KL,2014-05-30,-0.8181818181818151,False,1.5682989497092543,0.0145629246084626,0.0150967191388802,in_sample
4863.KL,2014-06-27,-5.809095641173686e-16,True,1.0040082870720446,0.042048439358485,0.0635431534395174,in_sample
4863.KL,2014-07-30,-5.809095641173686e-16,True,0.5128105629359185,0.1147551379907245,0.1427904846625808,in_sample
4863.KL,2014-08-27,-0.1515151515151495,False,0.6764096547937,0.213969534651472,0.2320320786867995,in_sample
4863.KL,2014-09-26,-5.809095641173686e-16,True,1.014421297130483,0.0398773350334986,0.0895648933990922,in_sample
4863.KL,2014-10-28,1.501481690724924e-15,True,0.4061096216004344,-0.0158958258592949,0.0081664700625144,in_sample
4863.KL,2014-11-25,-0.18181818181817988,False,1.5679986476745122,-0.0693332109502965,-0.0569865524138601,in_sample
4863.KL,2014-12-23,-2.818181818181817,False,0.672757597673835,0.057522120256007,0.0174718502224271,in_sample
4863.KL,2015-01-22,-1.3983199263930844e-15,True,1.580451962811963,0.0998530755402491,0.0588708841378358,in_sample
4863.KL,2015-02-25,1.2121212121212164,False,1.2738608972863696,0.0840738631514272,0.0996917993251085,in_sample
4863.KL,2015-03-25,-5.809095641173686e-16,True,0.6005361401848895,-0.029876186578893,0.0236282702189458,in_sample
4863.KL,2015-04-22,-5.809095641173686e-16,True,1.2411753234522247,-0.0903592641520895,-0.0199246478531621,in_sample
4863.KL,2015-05-22,-5.809095641173686e-16,True,1.0000417020349248,-0.1682367946130104,-0.0479794738088146,in_sample
4863.KL,2015-06-22,8.18181818181818,False,1.134568732716871,-0.0017216851554534,0.0278380752351692,in_sample
4863.KL,2015-08-25,8.393939393939391,False,1.2138011242488855,0.0331882613651997,-0.039122755763078,in_sample
4863.KL,2015-09-25,0.6060606060606079,False,0.7803268962053139,-0.0120120214394556,-0.0295041730850667,in_sample
4863.KL,2015-10-26,-5.809095641173686e-16,True,1.2050021740844052,-0.0310192874186312,0.0167780844067926,in_sample
4863.KL,2015-11-24,16.727272727272727,False,0.5936580374110962,0.0090908905109787,0.0089418174498929,in_sample
4863.KL,2015-12-22,10.454545454545446,False,0.28370720741816136,0.0170702852253303,-0.0325201567924229,in_sample
4863.KL,2016-01-22,-1.3983199263930844e-15,True,0.8299196164379686,0.0403571837619218,-0.0125221767774315,in_sample
4863.KL,2016-02-23,3.7878787878787916,False,0.6046095192335839,0.0170887372577024,0.0418669841024896,in_sample
4863.KL,2016-03-22,-1.2121212121212095,False,1.7324406917805968,0.022830977519535,0.0789492781790508,in_sample
4863.KL,2016-04-19,-5.809095641173686e-16,True,0.7519706129945665,0.0089551755008645,0.0418979299717882,in_sample
4863.KL,2016-05-18,1.2121212121212164,False,1.6530025066460718,0.0225564216711868,-0.0037806524592229,in_sample
4863.KL,2016-06-15,0.4545454545454549,False,0.5116147954440493,0.0238094628145506,-0.0121127845821684,in_sample
4863.KL,2016-07-14,-5.809095641173686e-16,True,1.3754343832751506,0.0047053891593866,-0.0026974074559464,in_sample
4863.KL,2016-08-11,-5.809095641173686e-16,True,0.6649874974626198,-0.0325102840988702,-0.0139374625572563,in_sample
4863.KL,2016-09-09,-5.809095641173686e-16,True,0.5287190155495223,-0.0997494515342605,-0.0677471433713491,out_of_sample
4863.KL,2016-10-12,-3.636363636363634,False,0.7370646395024708,-0.0731344825938985,-0.0782093527454989,out_of_sample
4863.KL,2017-01-06,8.181818181818175,False,1.375775975201561,0.054298088073269,0.0130086419326447,out_of_sample
4863.KL,2017-02-10,-4.878787878787881,False,1.425191077259037,0.0762830126577376,0.0355457968674455,out_of_sample
5142.KL,2007-09-03,12.666666666666668,False,0.8126102345730297,-0.0112436492755212,-0.0754422105428607,in_sample
5142.KL,2007-10-01,-5.809095641173686e-16,True,0.8165619786438733,0.0210527688530415,-0.0531760917014434,in_sample
5142.KL,2007-10-30,3.1818181818181803,False,0.5173968926055539,0.031914862790636,0.0491078202654908,in_sample
5142.KL,2007-11-28,-1.3983199263930844e-15,True,0.09215087860669617,-0.3888889160077594,-0.3821714666554892,in_sample
5142.KL,2007-12-28,-5.809095641173686e-16,True,2.5361975418149516,-0.4560850462129896,-0.318203568060862,in_sample
5142.KL,2008-01-29,-0.909090909090908,False,0.14230369514703206,-0.3457257910014316,-0.278610240834885,in_sample
