记录日,股票,现价,盈亏%,CMF周,CMF月,red_ratio
2026-08-10,5026.KL,1.85,0.0,0.2729159937325926,0.3608003244862633,0.667
2026-08-10,7115.KL,1.11,19.48,0.2770273135527901,-0.11437591569949901,0.0
2026-08-10,7233.KL,2.9,17.55,0.15845443423665806,0.16917099472251992,0.0
2026-08-10,8907.KL,1.83,1.84,0.20034463828687213,0.1262468744722089,0.611
2026-08-11,5026.KL,1.89,2.16,0.3079255903587649,0.3753385542466219,0.667
2026-08-11,7115.KL,1.18,27.02,0.309895430107295,-0.10459639997098422,0.056
2026-08-11,7233.KL,2.92,18.36,0.15733562272661794,0.17092631712992212,0.0
2026-08-11,8907.KL,1.8,0.17,0.1933845036563092,0.11464753277015477,0.611
2026-08-11,5026.KL,1.89,2.16,0.3079255903587649,0.3753386917924226,0.667
2026-08-11,7115.KL,1.18,27.02,0.30989543010729503,-0.10459639435797989,0.056
2026-08-11,7233.KL,2.92,18.36,0.1573356227266179,0.17092632056804258,0.0
2026-08-11,8907.KL,1.8,0.17,0.19338450365630916,0.11464753277015483,0.611
2026-08-11,1066.KL,8.73,-1.02,0.03002492700847979,0.23381715142930434,0.833
2026-08-12,5026.KL,1.88,1.62,0.28540753694649623,0.36772013573259715,0.667
2026-08-12,7115.KL,1.19,28.09,0.31225160423299314,-0.10395300556170746,0.056
2026-08-12,7233.KL,2.95,19.58,0.16219311278650034,0.17328816004315278,0.0
2026-08-12,8907.KL,1.81,0.72,0.19638967370916918,0.11903139648548403,0.611
2026-08-12,1066.KL,8.74,-0.91,0.030724585608465246,0.23449147491048308,0.833
2026-08-12,5026.KL,1.87,1.08,0.27160678550871437,0.36330322656866476,0.667
2026-08-12,7115.KL,1.27,36.71,0.3369689816337937,-0.09588588434136917,0.056
2026-08-12,7233.KL,2.89,17.15,0.15133830745887966,0.16929614519989314,0.0
2026-08-12,8907.KL,1.83,1.84,0.2040620476960314,0.12876676134549983,0.611
2026-08-12,1066.KL,8.7,-1.36,0.02492819313844056,0.2310866112779576,0.833
2026-08-13,5026.KL,1.88,1.62,0.2858346924820743,0.3676613784974595,0.667
2026-08-13,7115.KL,1.27,36.71,0.3468337603187817,-0.09236884224007375,0.056
2026-08-13,8907.KL,1.8,0.17,0.18703861059977206,0.11576048163716188,0.611
2026-08-13,1066.KL,8.69,-1.47,0.019519899472155385,0.22988817502954725,0.833
2026-08-14,5026.KL,1.87,1.08,0.26967543871317046,0.3628067861318283,0.667
2026-08-14,7115.KL,1.26,35.63,0.3389340384054793,-0.09346140527176369,0.056
2026-08-14,8907.KL,1.8,0.17,0.18481227640293948,0.1161539996135449,0.611
2026-08-14,1066.KL,8.65,-1.93,0.012615647974377414,0.22615424628014874,0.833
2026-08-14,5026.KL,1.87,1.08,0.26967543871317035,0.36280692325546154,0.667
2026-08-14,7115.KL,1.26,35.63,0.3389340384054796,-0.09346133653267376,0.056
2026-08-14,8907.KL,1.8,0.17,0.1848122764029395,0.11615399961354485,0.611
2026-08-14,1066.KL,8.65,-1.93,0.012615647974377465,0.22615387749392427,0.833
2026-08-14,5026.KL,1.87,1.08,0.26967543871317035,0.3628067861318284,0.667
2026-08-14,7115.KL,1.26,35.63,0.33893403840547937,-0.09346147720121961,0.056
2026-08-14,8907.KL,1.8,0.17,0.1848122764029395,0.11615399961354485,0.611
2026-08-14,1066.KL,8.65,-1.93,0.012615647974377439,0.22615423287901582,0.833
2026-08-14,1015.KL,7.35,-3.92,0.11066550753785862,0.09959633206664702,0.778
2026-08-14,5026.KL,1.87,1.08,0.26967543871317035,0.3628067861318284,0.667
2026-08-14,7115.KL,1.26,35.63,0.3389340384054795,-0.09346147436237873,0.056
2026-08-14,8907.KL,1.8,0.17,0.1848122764029395,0.11615399961354485,0.611
2026-08-14,1066.KL,8.65,-1.93,0.012615647974377439,0.2261538774939243,0.833
2026-08-14,1015.KL,7.35,-3.92,0.11066550753785856,0.09959633206664704,0.778
2026-08-14,5026.KL,1.87,1.08,0.26967543871317046,0.36280692325546154,0.667
2026-08-14,7115.KL,1.26,35.63,0.33893403840547937,-0.09346139974285318,0.056
2026-08-14,8907.KL,1.8,0.17,0.1848122764029395,0.11615399961354485,0.611
2026-08-14,1066.KL,8.65,-1.93,0.012615647974377414,0.226153855880265,0.833
2026-08-14,1015.KL,7.35,-0.0,0.11066550753785859,0.09959619563771503,0.778
2026-08-14,5026.KL,1.87,1.08,0.26967543871317035,0.3628067861318284,0.667
2026-08-14,7115.KL,1.26,35.63,0.3389340384054796,-0.09346133653267376,0.056
2026-08-14,8907.KL,1.8,0.17,0.1848122764029395,0.11615399961354485,0.611
2026-08-14,1066.KL,8.65,-1.93,0.012615647974377414,0.2261538640927953,0.833
2026-08-14,1015.KL,7.35,-0.0,0.11066550753785862,0.09959612526256068,0.778
2026-08-17,5026.KL,1.89,2.16,0.25140283046661227,0.3725053169555205,0.667
2026-08-17,7115.KL,1.23,32.4,0.33022001227679343,-0.10084590616945634,0.056
2026-08-17,8907.KL,1.79,-0.39,0.18383365105186866,0.11141245523338521,0.611
2026-08-17,1066.KL,8.61,-2.38,0.04723321115391336,0.22218876877813873,0.833
2026-08-17,1015.KL,7.23,-1.63,0.22927959470154827,0.08849666110615773,0.778
2026-08-17,5026.KL,1.89,2.16,0.25140283046661216,0.3725051798625091,0.667
2026-08-17,7115.KL,1.23,32.4,0.33022001227679343,-0.10084598357690709,0.056
2026-08-17,8907.KL,1.79,-0.39,0.18383365105186866,0.11141245523338521,0.611
2026-08-17,1066.KL,8.61,-2.38,0.04723321115391333,0.22218876877813873,0.833
2026-08-17,1015.KL,7.23,-1.63,0.2292795947015483,0.0884965907944481,0.778
2026-08-17,6491.KL,2.8,0.72,0.02315588651859702,0.16928817826153406,0.889
2026-08-17,5026.KL,1.89,2.16,0.2521780288674227,0.3725554051655861,0.667
2026-08-17,7115.KL,1.22,31.32,0.32629761617454306,-0.10319069100906807,0.056
2026-08-17,8907.KL,1.79,-0.39,0.18317242989294902,0.11150167306075556,0.611
2026-08-17,1066.KL,8.59,-2.61,0.044648459519754595,0.21951140445592815,0.833
2026-08-17,1015.KL,7.2,-2.04,0.22411784942884574,0.08597468002125934,0.778
2026-08-17,6491.KL,2.85,2.52,0.03690558441843891,0.16687111633027682,0.889
2026-08-17,5026.KL,1.89,2.16,0.25217802886742285,0.37255554223519033,0.667
2026-08-17,7115.KL,1.22,31.32,0.32629761617454306,-0.10319064055078764,0.056
2026-08-17,8907.KL,1.79,-0.39,0.18317242989294905,0.11150167306075551,0.611
2026-08-17,1066.KL,8.59,-2.61,0.04464845951975462,0.21951103629965046,0.833
2026-08-17,1015.KL,7.2,-2.04,0.22411784942884574,0.08597479962420282,0.778
2026-08-17,6491.KL,2.85,2.52,0.03690558441843886,0.16687115581299183,0.889
2026-08-18,5026.KL,1.89,2.16,0.2515876808860686,0.3731492162620322,0.667
2026-08-18,7115.KL,1.12,20.56,0.25113770002624813,-0.1295495685065604,0.056
2026-08-18,8907.KL,1.78,-0.95,0.18191869720980935,0.10669888987495611,0.611
2026-08-18,1066.KL,8.68,-1.59,0.05051545723493386,0.22727953099827708,0.833
2026-08-18,1015.KL,7.23,-1.63,0.22554864138992214,0.09005590694137369,0.778
2026-08-18,6491.KL,2.86,2.88,0.02299855871139516,0.14373199213687912,0.889
2026-08-18,7161.KL,2.67,-2.2,0.15822712547870132,0.23105720123016238,0.833
2026-08-19,5026.KL,1.89,2.16,0.2444014899224306,0.3692383264957884,0.667
2026-08-19,8907.KL,1.75,-2.62,0.1773649100569522,0.09111889796524947,0.611
2026-08-19,1066.KL,8.61,-2.38,0.03749999113445103,0.21936061480817287,0.833
2026-08-19,1015.KL,7.12,-3.13,0.21449023083876043,0.07866567512576245,0.778
2026-08-19,6491.KL,2.9,4.32,0.0558836243102281,0.16755203100927005,0.889
2026-08-19,7161.KL,2.66,-2.56,0.15110426969441176,0.22839408362067623,0.833
2026-08-20,5026.KL,1.85,0.0,0.19901364852790765,0.34501764783414396,0.667
2026-08-20,8907.KL,1.74,-3.17,0.175262205775656,0.08524941657347075,0.611
2026-08-20,1066.KL,8.56,-2.95,0.026317477918207745,0.2125727758665869,0.833
2026-08-20,1015.KL,7.1,-3.4,0.20280988000941813,0.0765392041949849,0.778
2026-08-20,6491.KL,2.83,1.8,0.0038150678282748442,0.12878253808122647,0.889
2026-08-20,7161.KL,2.67,-2.2,0.14492569951193152,0.23031926290162894,0.833
2026-08-22,5026.KL,1.86,0.54,0.2226445524797139,0.35482846103238036,0.667
2026-08-22,8907.KL,1.73,-3.73,0.1698055604715229,0.07935922582112973,0.611
2026-08-22,1066.KL,8.6,-2.49,0.035213049088193824,0.21603914021939855,0.833
2026-08-22,1015.KL,7.1,-3.4,0.1974162463641257,0.07673862584792583,0.778
2026-08-22,6491.KL,2.88,3.6,0.05548308533778756,0.16016056339171209,0.889
2026-08-22,7161.KL,2.69,-1.47,0.1538057675223398,0.23541771187498087,0.833
2026-08-24,5026.KL,1.86,0.54,0.2226445524797139,0.3548284610323804,0.667
2026-08-24,8907.KL,1.73,-3.73,0.1698055604715229,0.07935922582112973,0.611
2026-08-24,1066.KL,8.6,-2.49,0.03521304908819385,0.21603914021939855,0.833
2026-08-24,1015.KL,7.1,-3.4,0.19741624636412575,0.07673856909839227,0.778
2026-08-24,6491.KL,2.88,3.6,0.05548308533778756,0.16016056339171209,0.889
2026-08-24,7161.KL,2.69,-1.47,0.15380576752233982,0.2354177182618217,0.833
2026-08-24,5026.KL,1.9,2.7,0.26733063267223384,0.3805234305453867,0.667
2026-08-24,8907.KL,1.75,-2.62,0.17958236219690904,0.09009377072852835,0.611
2026-08-24,1066.KL,8.62,-2.27,0.054284463769761496,0.21782863340748154,0.833
2026-08-24,1015.KL,7.1,-3.4,0.24924257746764017,0.0769360946485582,0.778
2026-08-24,6491.KL,2.89,3.96,0.055941116807950546,0.16738898588282497,0.889
2026-08-24,7161.KL,2.76,1.1,0.08521864124038131,0.2553002758398807,0.833
