ticker,date,resonance,red_ratio,ret_5d,exc_5d,ret_10d,exc_10d,ret_20d,exc_20d,ret_60d,exc_60d,month,year
5211.KL,2025-07-01,85.0,1.0,-0.0083506185186843,-0.0009618460446036,0.0271399629628326,0.0376035962208689,0.0187892438270129,0.0302778834715422,0.1565762604937384,0.1115431307099068,7,2025
5681.KL,2007-04-13,100.0,1.0,-0.0072993724827049,-0.0127802196107679,0.014598508502535,0.0019321967934331,0.0802915208905885,0.0513203958113437,0.1605832782440519,0.1122344001208406,4,2007
5681.KL,2011-05-06,85.0,1.0,0.0089399011984863,-0.00771466180671,-0.0229883641042977,-0.0318831054231693,0.0395909442851067,0.0154140952924064,0.1405294496123186,0.1124792947026354,5,2011
5681.KL,2011-11-01,60.0,1.0,0.016230021782118,0.0067426130231902,0.0112363417520282,0.010423168376433,0.0374535193454805,0.0309343174929344,0.1549149880560381,0.1132720734143426,11,2011
8869.KL,2019-05-23,60.0,0.833,0.0346416936241908,0.0130232071125691,-0.0023098765420292,-0.0286665539452015,0.0306347600501444,-0.0152866061143854,0.1116959478131653,0.115079520738455,5,2019
4863.KL,2011-12-01,85.0,0.667,0.0321098758216222,0.0404181624106214,0.0619264580610505,0.0761664054608327,0.1376145604507186,0.1070004118140093,0.1857799121361387,0.1157854598153595,12,2011
5031.KL,2022-02-28,60.0,1.0,-0.030588411444119,-0.0083783671406145,-0.0017611058037306,0.0236325365636871,0.0468149750780426,0.0532380344562756,0.0759606059713584,0.1165381226828953,2,2022
5681.KL,2013-06-20,85.0,1.0,0.0015923633492878,0.0077035676232242,0.0270697586026167,0.0219629119245918,0.0501587582374698,0.0335898363446975,0.1226848279954748,0.11754390242523,6,2013
0225.KL,2026-03-11,60.0,0.944,0.020201986487911,0.0078949434886266,-0.0404040336612185,-0.0416388241640257,-0.0404040336612185,-0.0272133135708306,0.1010101751811414,0.1181335083568368,3,2026
5681.KL,2008-07-23,60.0,1.0,0.0132453932423193,-0.0047726218801671,-0.0102861510553362,-0.005178184489494,-0.1071812074061004,-0.0490809000046057,-0.0864179908912463,0.1191094721695246,7,2008
5681.KL,2004-12-29,85.0,0.611,0.0067569034378212,0.0063382021931299,0.0540543430700775,0.025682189083515,0.0810817156125007,0.0674520687667583,0.0864866433808992,0.119354287586524,12,2004
5031.KL,2021-01-04,85.0,0.611,-0.0059701124087104,-0.0151304325213713,-0.0074628374749625,-0.0117996673639051,0.0373133119789261,0.0495311600048592,0.1069956124282756,0.1194318444234999,1,2021
5681.KL,2007-07-10,85.0,1.0,0.0062897395855476,0.0018929117671337,0.1383650344485014,0.1232495703213933,0.067889009037986,0.1271838788358785,0.1193532622064563,0.1226271623808946,7,2007
5681.KL,2011-03-10,100.0,1.0,0.0281699567244666,0.0445322114397221,0.0605637984140783,0.0625876945517521,0.1619723954688741,0.1322936284247917,0.1464790245022369,0.1232541926566215,3,2011
8869.KL,2021-10-29,60.0,0.667,-0.0287770282696263,-0.0115589195682873,-0.0449641066712911,-0.0193801372450077,-0.0593524384514184,-0.0262347407062862,0.0937225584690668,0.1235182117531692,10,2021
5681.KL,2010-11-09,85.0,1.0,-0.0278253481558781,-0.0127650546843083,-0.0521733825608312,-0.0272868821282958,0.0707752977495039,0.0742079129839311,0.1301630037881038,0.1239135905377259,11,2010
4863.KL,2012-05-02,100.0,0.944,0.0036969053528499,0.0021106909920478,-0.0092423717682245,0.0200487480927884,0.011022794102611,0.0155854939656591,0.1578751208595334,0.1245710992946707,5,2012
5681.KL,2013-05-22,85.0,1.0,-0.0188084963543176,-0.0137857588871254,0.0007841068413085,0.0087891460018955,-0.0090293100795513,0.0030455150227767,0.1037959654504996,0.1253556896652606,5,2013
5031.KL,2025-12-03,85.0,0.833,0.0424856957154677,0.0497815265242238,0.0616139619386744,0.0501525880646733,0.071178047392364,0.042265742461794,0.1725573913278038,0.1261079530156843,12,2025
0099.KL,2016-02-09,85.0,1.0,0.0476195509232619,0.0460976921378941,0.1190476856614122,0.1101331441340376,0.0952382728748768,0.0799596947371279,0.1240603735905798,0.1269957855688993,2,2016
7103.KL,2015-11-26,85.0,0.611,-0.0185859437658393,-0.0131376777425012,-0.0045655903364051,0.0158967391323968,-0.0139129862648307,-0.006569359006297,0.1122689252345841,0.1270809270567651,11,2015
5681.KL,2006-12-15,85.0,1.0,0.0127663289653103,0.0215791443540686,0.0595749764788458,0.0532223488886811,0.2021279895415586,0.1623875632233091,0.2127665587201734,0.1275023485134085,12,2006
7233.KL,2021-04-21,85.0,1.0,0.0600961325304032,0.0526301463139859,-0.0096153394761481,0.0018153439235718,-0.0096153394761481,0.0058928157350757,0.0860547193874223,0.1292470197015933,4,2021
5031.KL,2022-06-28,60.0,1.0,0.0229883263546293,0.0325638736923915,0.0390802966860268,0.0689275850240047,0.0528735094965735,0.041895622856809,0.1098491948965463,0.1303064655878059,6,2022
5681.KL,2013-07-18,85.0,1.0,0.0166795505834866,0.0072574865967696,0.0136470498789684,0.0213053173328273,0.0606522904007535,0.086395502448262,0.135449345947735,0.1321672507923907,7,2013
7103.KL,2014-06-26,85.0,0.722,-0.005153841272942,-0.0044765663338069,0.0154639595867134,0.0140618079889942,0.1597951421775985,0.1664777906210093,0.1082477171069946,0.1330417540906241,6,2014
0099.KL,2018-02-13,60.0,0.667,0.0556753609532676,0.0431441444589715,0.0781361322165652,0.0571653075683542,0.1792117140641216,0.1622942721184765,0.145520001600039,0.1360274569313169,2,2018
0099.KL,2015-03-31,85.0,0.833,0.0050249674899831,-0.0090291406262341,0.1557791807080952,0.1509561239162431,0.040201206240344,0.0269390835886129,0.0754244800399379,0.137676617860611,3,2015
0099.KL,2015-03-03,85.0,0.833,-0.0256413650608199,-0.0083345595529269,-0.0256413650608199,-0.0073132910002502,0.0205126316183261,0.0152799456625951,0.1025638487371258,0.1386324507446756,3,2015
5681.KL,2012-03-05,85.0,1.0,0.0125866967781211,0.0279841692200881,0.0136893501814823,0.0235180682980037,0.0445744688495755,0.035412704674596,0.1317142512163653,0.1405550202834671,3,2012
4863.KL,2014-07-30,85.0,0.944,-0.0079367199515288,-0.0034540799458775,-0.006349375961223,0.0044580003003723,-0.0047621442141636,-0.0015891504824899,0.1147551379907245,0.1427904846625808,7,2014
5211.KL,2025-08-26,60.0,1.0,0.0979165944987732,0.0998576451853652,0.1020833050937228,0.1012866322563534,0.1541665850855698,0.1356029965537377,0.1621126341255987,0.1430495235434417,8,2025
5263.KL,2025-12-22,60.0,0.778,0.0107143315549205,0.0027923132786662,0.0767858645411281,0.0734711095538398,0.0178572192582007,-0.0027974957968914,0.1673504179341602,0.1449306285335463,12,2025
6459.KL,2008-01-18,85.0,1.0,0.0,0.0236819749019318,0.0,0.0137756817964804,0.0082642785106814,0.0257496685558142,0.0192477551273082,0.1463413455051666,1,2008
0099.KL,2015-01-28,85.0,0.722,0.0677966622679202,0.0602460817800427,0.1242936887115644,0.1214705901329968,0.1126574069502497,0.0985306306354574,0.1811286418452884,0.1481754080267521,1,2015
5681.KL,2008-11-03,60.0,0.778,0.0,-0.0054372766789163,-0.0074627059779753,0.0095384375617041,0.037313009680137,0.0939316612534373,0.124468131988507,0.149541783409109,11,2008
8869.KL,2019-07-18,60.0,0.722,0.0568182204715339,0.0521789076477221,0.1022727499315889,0.1157178587131401,0.0909091762130405,0.1227359371001717,0.1051268388159372,0.1502652323720688,7,2019
5031.KL,2023-01-25,85.0,1.0,0.0251450954927452,0.0315807236617335,0.0058025996367572,0.0223820028586744,0.0348161400752311,0.0632598385864202,0.1026873803438777,0.152212214238859,1,2023
0099.KL,2015-12-08,60.0,1.0,-0.0202544319687657,0.0075426641261747,0.0152805216071871,0.030844479229064,0.0152805216071871,0.0222477671505794,0.1675725169994684,0.1564177428351056,12,2015
5031.KL,2025-11-05,60.0,0.833,-0.0336633264858137,-0.039867227827439,-0.0475247022550815,-0.0489677448685386,0.0772277823451865,0.0764322984234169,0.2301426807880202,0.1565526265427468,11,2025
5031.KL,2025-02-24,85.0,0.889,0.0360721721384829,0.0441895686046734,0.0541082582077243,0.0842739764103438,0.0482875014723644,0.0928827512208653,0.1260985015448759,0.1576275854469588,2,2025
8869.KL,2019-06-20,60.0,0.778,-0.0089887603962912,-0.0073592668026819,-0.0224716690406754,-0.0296638085938145,-0.0112360084828773,0.0045808260912099,0.1107339989835949,0.1579756156889606,6,2019
8869.KL,2017-11-17,100.0,1.0,0.0347830059901783,0.0373561351928019,0.1304346079188914,0.1326418083839562,0.0858792346723884,0.067635265778529,0.2276109324053823,0.1618197673190538,11,2017
5681.KL,2012-04-02,85.0,1.0,-0.0147834188582969,-0.0069893325299615,-0.0084476072544193,-0.0037149832336846,0.0221753406135716,0.0355125902723139,0.1607225543002834,0.1619010292868227,4,2012
7103.KL,2014-04-29,85.0,0.611,-0.0208342113956481,-0.0214204881985264,0.0312503634024323,0.0202303290832457,-0.0624997423495982,-0.0717933785939261,0.1718752451524345,0.1621943904777174,4,2014
6459.KL,2007-05-30,85.0,0.667,0.0044248442052667,-0.0203664085317167,0.0265482260605207,0.0162060950322409,0.1393804420900102,0.1257527002867864,0.1009295183357308,0.1634976837070066,5,2007
7233.KL,2020-12-23,60.0,0.944,0.0349206417545135,0.0472362952067139,-0.0095237644202101,-0.0008378411463103,0.2063492623870115,0.2371595869791967,0.1365078927711129,0.1638826882709233,12,2020
5031.KL,2024-12-23,60.0,0.944,0.0,-0.0288998911752538,-0.0277185243004443,-0.0393899974571343,0.012793265959059,0.0180557033733586,0.1153421055110563,0.1670899930644267,12,2024
7103.KL,2026-04-08,60.0,1.0,0.0354331695865957,0.0430320248684675,0.0433071966384959,0.0350068532057865,0.0236220811557008,-0.0132461297443944,0.1641192896004997,0.1716533068823813,4,2026
5681.KL,2011-07-04,85.0,1.0,0.0753083827266458,0.0713712129697194,0.1111113922241191,0.1236054800278803,0.1025119696161815,0.117894132978177,0.0361110390759027,0.1718774367561232,7,2011
5031.KL,2022-12-22,85.0,1.0,0.0,-0.0184833419141832,0.0142854701071084,-0.0027881627298933,0.0551019367521627,0.0339217167071921,0.1257142824449486,0.1724674581561193,12,2022
5031.KL,2022-08-24,60.0,1.0,0.0797267484979984,0.0628995050360887,0.0865603516546331,0.0678384001802567,0.0997368974708945,0.1285525327471729,0.1563758077331998,0.1725692632949174,8,2022
5681.KL,2010-06-16,85.0,1.0,0.0700222129918182,0.0458919911193851,0.0251642707294112,0.0131106770135076,0.0393878488723451,0.0064927872965845,0.2822892107660679,0.1749160931617099,6,2010
5031.KL,2023-02-24,85.0,1.0,0.0560750357064139,0.0583059527101677,0.0448598975624661,0.0611422231928904,0.0310282431920372,0.070223805892754,0.1387507520371733,0.1760380025442495,2,2023
6459.KL,2007-04-30,85.0,0.611,-0.0176210915470894,-0.039243300524448,-0.0088109112935229,-0.0316205419833982,-0.0044053512124819,-0.0172093245238358,0.2224671554190946,0.1789958145465289,4,2007
5263.KL,2025-04-29,85.0,0.611,0.0602678740689397,0.0376096061727959,0.1093749953353315,0.0714616440222759,0.301339250929187,0.2990827109421321,0.1887843996531457,0.1796656938580842,4,2025
5681.KL,2007-06-12,100.0,1.0,0.0193552558162153,0.0074411577614288,0.0258061949665313,0.0210949435981995,0.0258061949665313,0.0178169584142691,0.1350409878751242,0.1810874565629459,6,2007
0099.KL,2016-01-08,85.0,1.0,-0.0250002040046937,-0.0074689772503651,-0.0350001332830666,-0.0154539042542937,0.0499997551943676,0.047073870559986,0.2206140486880321,0.1841338324504955,1,2016
8869.KL,2022-11-07,60.0,0.667,0.0727271109523228,0.057554999784809,0.0727271109523228,0.0733026220453647,0.0909090597985236,0.0737398853543311,0.1998378579453541,0.1842219455334193,11,2022
5681.KL,2006-10-20,85.0,1.0,0.0279068681524143,0.0169692340405944,0.0372092644377928,0.0179790669859243,0.0837203478942658,0.0208111714652716,0.3423939403929801,0.1857134365810175,10,2006
5681.KL,2007-05-15,100.0,1.0,0.0135136357752918,-0.002391597541697,-0.0067561977049153,-0.0044532665392059,0.0472973968814878,0.0365404094872587,0.1472589601447229,0.1888383165953923,5,2007
5681.KL,2010-05-18,85.0,1.0,-0.0077605040806534,0.0524122831707415,0.0088693232471825,0.0495784225541046,0.0133036773495112,0.0372104319579711,0.2065379430497274,0.1894423917419203,5,2010
7233.KL,2020-11-25,60.0,0.889,0.0125000264879555,0.0117864380105106,0.0,-0.0306401398294158,-0.015624927158122,-0.0468722170080727,0.1687501456837559,0.1938067364821398,11,2020
5681.KL,2010-12-09,100.0,1.0,-0.0084034765137993,0.0072214332147217,-0.0033613475527172,0.0011151549017041,0.0084031177404453,-0.0225442722021724,0.1932766591025285,0.1961557977088075,12,2010
5681.KL,2011-06-06,85.0,1.0,-0.0233410556758693,-0.0193079080818728,-0.0208841024468304,-0.0254261712623227,-0.0049138015586998,-0.0243772266700887,0.1310442890418437,0.1986090667857772,6,2011
5263.KL,2026-03-24,85.0,0.778,-0.0124030895289158,-0.0016350329797775,-0.0279069323509839,-0.0092384100121226,0.0899225327081787,0.0860776707898782,0.200980873126741,0.1990671933164916,3,2026
7103.KL,2015-10-08,60.0,0.611,0.0380431231356301,0.023494017930812,0.0652176458449818,0.0541491533030149,0.0760877570930882,0.0799289107318758,0.1792204839237856,0.2011268468588459,10,2015
5681.KL,2008-10-03,60.0,0.833,-0.0510950931893368,0.0302366678498949,-0.036496588591655,0.0731424695375019,-0.0218978659290062,0.0935246138704704,0.0849815895017127,0.205312095439148,10,2008
0099.KL,2014-12-01,85.0,0.667,-0.0562501067052253,-0.0352015295488697,-0.2124999938013562,-0.1669726216653512,-0.0687497604666934,-0.0623165060391245,0.2308770953452719,0.2067075485404061,12,2014
5681.KL,2007-03-16,85.0,1.0,0.0263155950413411,-0.0188967848011756,0.0789469745709217,0.0242438392161898,0.2017546003390342,0.0951736451671951,0.3596489283746744,0.2087607434225515,3,2007
7233.KL,2018-10-02,100.0,0.611,-0.0074347944341657,0.0059122565205067,-0.0148706471788818,0.0192255393246487,-0.1115239517250827,-0.049120881077862,0.1542749762714563,0.21326898493854,10,2018
0225.KL,2026-04-09,60.0,1.0,0.1052631712085412,0.1032053557592451,0.0421052558353023,0.0210762438661511,0.0684209853968669,0.0317594966898042,0.2210526089454798,0.2230155184616854,4,2026
5031.KL,2025-01-22,60.0,0.944,-0.0210526780537052,-0.0016043823406503,-0.0105264273288927,-0.0124851030159591,0.0505261918567858,0.0527620204995328,0.1739134581139272,0.2251038012285175,1,2025
4863.KL,2014-08-27,85.0,0.944,0.0111642369086011,0.0128572927717516,0.0191387079547908,0.022487397598399,0.0553442365589822,0.0723706974267951,0.213969534651472,0.2320320786867995,8,2014
8869.KL,2021-11-29,60.0,0.722,0.0325046398158477,0.0408458461379324,0.0152371678449687,0.034865456105694,0.0956893016271416,0.0762793640526493,0.2929901583658543,0.2392686973945039,11,2021
5263.KL,2026-02-23,85.0,0.778,0.1014263451832866,0.134287936426121,0.0412044552027466,0.0888784545966933,0.0360003638837469,0.0639983907384105,0.2207136076700364,0.2436319796140429,2,2026
5263.KL,2026-01-21,60.0,0.778,0.0456140516800807,0.0159038671344431,0.0298245116264244,0.01504563234236,0.1070174682722246,0.0764338041578225,0.25,0.2444191339399266,1,2026
7103.KL,2025-07-02,85.0,0.944,0.0,0.0135271809829187,0.0253164138238324,0.0502871996611843,0.0126582453760701,0.0292430703903229,0.2848100593917309,0.2450283230467926,7,2025
5681.KL,2007-02-14,100.0,1.0,0.0810812756482028,0.0507113809677044,0.0090095278546669,0.074004197249861,0.0270272215941487,0.077956914547588,0.333333268477626,0.2526839960103688,2,2007
5681.KL,2011-02-09,85.0,1.0,0.0111461312382985,0.0290553988219608,0.0445856806831097,0.0746624042616732,0.1305724622601494,0.1430457953630219,0.2468150293021722,0.260206311605922,2,2011
7233.KL,2021-03-24,60.0,1.0,0.0614526041219183,0.0794818191795013,0.1005587172051774,0.1016883094207116,0.1620111697982378,0.1656432643256347,0.2563740235290981,0.2798637976647425,3,2021
7103.KL,2025-09-30,100.0,1.0,0.0344828081726107,0.0232226496253979,0.0394088637506029,0.0396694563158311,0.3842364664748063,0.384447379085722,0.325123200786521,0.2839104222237847,9,2025
7103.KL,2014-05-29,60.0,0.667,0.0277766602390505,0.0318371493828378,0.0333333836499221,0.0347987842143172,0.0777764731926013,0.0706626325532215,0.2777766438314673,0.285663189251762,5,2014
0099.KL,2014-12-30,60.0,0.667,0.0067111076625343,0.0393401120249471,0.06711381520092,0.0811615429995166,0.1879190020630603,0.1714770978896709,0.3488593832727804,0.3126645740196097,12,2014
8869.KL,2017-08-25,100.0,0.833,0.0184153761470007,0.0161600868671318,0.0666412154220161,0.0605762356844994,0.0609674154410859,0.0599104254001414,0.3049332496543147,0.3317876551583079,8,2017
5263.KL,2025-03-27,85.0,0.611,-0.1358575324080815,-0.0759967933395082,-0.046770606378266,-0.0110416723761834,-0.0044545250258137,0.0047528322754493,0.3299105639657926,0.3348397809410007,3,2025
8869.KL,2017-09-22,100.0,0.889,0.0080216059392612,0.0167509867927829,0.0187167040098994,0.0226917914767116,0.0695189140214249,0.0866783310747651,0.3355734566495403,0.3457200893495835,9,2017
7233.KL,2020-07-01,85.0,0.722,0.1795919768741116,0.133984095466968,0.2816328702999984,0.234664702500821,0.4204083120217108,0.3563644230373948,0.3682516158165574,0.3752047459865988,7,2020
5681.KL,2011-01-06,85.0,1.0,0.0233331464283161,0.0212991471255405,0.0100000825418096,0.0233514865290335,0.0466670755806888,0.0672617368715098,0.3750002490485633,0.3791063856274953,1,2011
8869.KL,2017-10-20,100.0,0.944,0.072500306771164,0.069352068818739,0.2649997897652163,0.2648389134874194,0.1499998448817137,0.1609095567525806,0.429305039053834,0.3803233318928409,10,2017
7233.KL,2020-06-02,85.0,0.667,0.0714286919427815,0.0266051003878979,-0.0244898051004024,-0.0368464603855308,0.0122950685986968,0.0078245789313049,0.3933682958447102,0.3817478564890502,6,2020
8869.KL,2017-06-01,60.0,0.722,0.0410959231075929,0.0283570916540227,0.0489236636262293,0.0329291576246286,0.0489236636262293,0.0486060098222107,0.3855187890056095,0.3820816474522754,6,2017
8869.KL,2017-06-30,85.0,0.722,0.0,0.0021205725227427,0.0074629375987134,0.0123788480180556,0.0335822298345751,0.0316488114374768,0.4014273293582182,0.3972485459500128,6,2017
7233.KL,2019-11-01,100.0,0.611,-0.0199998254686282,-0.0302864027214615,-0.0599998438403515,-0.0608847988467751,0.0166669192778625,0.0364994573826031,0.396666910092001,0.4235726527689045,11,2019
8869.KL,2017-07-28,85.0,0.778,0.0252708389848856,0.0210548026834944,0.1732852607576045,0.1733531666363262,0.2779783673409219,0.2767955754228406,0.4501536424586545,0.4651104821591253,7,2017
7233.KL,2020-03-30,60.0,0.667,0.0032466945666294,-0.0063929542175864,0.0032466945666294,-0.0171840623973575,0.0974026264521636,0.0663388515852108,0.6104693038078313,0.4708404071833481,3,2020
7103.KL,2025-08-27,85.0,1.0,0.0685714543691013,0.0747179044547745,0.1257143214341403,0.1180186897924913,0.1599999444357818,0.1449046492445098,0.6000000000000001,0.5769571543521264,8,2025
7233.KL,2019-11-29,85.0,0.611,0.0524587865124357,0.0481687310526472,0.0655736638459754,0.0595419018342344,0.0721311025127451,0.0375990715420557,0.5606557655513287,0.6032685239133256,11,2019
7103.KL,2025-07-30,85.0,0.944,0.0124999411258053,0.001361875879003,0.006250008546254,-0.0344846425432425,0.0937499762604052,0.0521559886056413,0.7562498945961997,0.6991557397503487,7,2025
7233.KL,2018-08-29,100.0,0.611,0.1084908637191917,0.1206130120746076,0.0754723043008995,0.0906867744978189,0.281334423875488,0.2936872174279893,0.7862471313028541,0.85451985288869,8,2018
7233.KL,2020-04-27,60.0,0.667,0.1893490280001317,0.1751973857359152,0.3313609824456585,0.3115895943270936,0.4497039924573762,0.3493289240013024,1.0844892569465483,0.9084076287080872,4,2020
7233.KL,2018-07-31,85.0,0.611,0.2656239445090109,0.2617904201596694,0.5234368021881823,0.5237002017695891,0.6562484289111108,0.6358532966995722,0.8855310898083215,0.9406299036481702,7,2018
